session_key,driver_number,full_name,name_acronym,team_name
7953,1,Max VERSTAPPEN,VER,Red Bull Racing
7953,2,Logan SARGEANT,SAR,Williams
7953,4,Lando NORRIS,NOR,McLaren
7953,10,Pierre GASLY,GAS,Alpine
7953,11,Sergio PEREZ,PER,Red Bull Racing
7953,14,Fernando ALONSO,ALO,Aston Martin
7953,16,Charles LECLERC,LEC,Ferrari
7953,18,Lance STROLL,STR,Aston Martin
7953,20,Kevin MAGNUSSEN,MAG,Haas F1 Team
7953,21,Nyck DE VRIES,DEV,AlphaTauri
7953,22,Yuki TSUNODA,TSU,AlphaTauri
7953,23,Alexander ALBON,ALB,Williams
7953,24,ZHOU Guanyu,ZHO,Alfa Romeo
7953,27,Nico HULKENBERG,HUL,Haas F1 Team
7953,31,Esteban OCON,OCO,Alpine
7953,44,Lewis HAMILTON,HAM,Mercedes
7953,55,Carlos SAINZ,SAI,Ferrari
7953,63,George RUSSELL,RUS,Mercedes
7953,77,Valtteri BOTTAS,BOT,Alfa Romeo
7953,81,Oscar PIASTRI,PIA,McLaren
7779,1,Max VERSTAPPEN,VER,Red Bull Racing
7779,2,Logan SARGEANT,SAR,Williams
7779,4,Lando NORRIS,NOR,McLaren
7779,10,Pierre GASLY,GAS,Alpine
7779,11,Sergio PEREZ,PER,Red Bull Racing
7779,14,Fernando ALONSO,ALO,Aston Martin
7779,16,Charles LECLERC,LEC,Ferrari
7779,18,Lance STROLL,STR,Aston Martin
7779,20,Kevin MAGNUSSEN,MAG,Haas F1 Team
7779,21,Nyck DE VRIES,DEV,AlphaTauri
7779,22,Yuki TSUNODA,TSU,AlphaTauri
7779,23,Alexander ALBON,ALB,Williams
7779,24,ZHOU Guanyu,ZHO,Alfa Romeo
7779,27,Nico HULKENBERG,HUL,Haas F1 Team
7779,31,Esteban OCON,OCO,Alpine
7779,44,Lewis HAMILTON,HAM,Mercedes
7779,55,Carlos SAINZ,SAI,Ferrari
7779,63,George RUSSELL,RUS,Mercedes
7779,77,Valtteri BOTTAS,BOT,Alfa Romeo
7779,81,Oscar PIASTRI,PIA,McLaren
7787,1,Max VERSTAPPEN,VER,Red Bull Racing
7787,2,Logan SARGEANT,SAR,Williams
7787,4,Lando NORRIS,NOR,McLaren
7787,10,Pierre GASLY,GAS,Alpine
7787,11,Sergio PEREZ,PER,Red Bull Racing
7787,14,Fernando ALONSO,ALO,Aston Martin
7787,16,Charles LECLERC,LEC,Ferrari
7787,18,Lance STROLL,STR,Aston Martin
7787,20,Kevin MAGNUSSEN,MAG,Haas F1 Team
7787,21,Nyck DE VRIES,DEV,AlphaTauri
7787,22,Yuki TSUNODA,TSU,AlphaTauri
7787,23,Alexander ALBON,ALB,Williams
7787,24,ZHOU Guanyu,ZHO,Alfa Romeo
7787,27,Nico HULKENBERG,HUL,Haas F1 Team
7787,31,Esteban OCON,OCO,Alpine
7787,44,Lewis HAMILTON,HAM,Mercedes
7787,55,Carlos SAINZ,SAI,Ferrari
7787,63,George RUSSELL,RUS,Mercedes
7787,77,Valtteri BOTTAS,BOT,Alfa Romeo
7787,81,Oscar PIASTRI,PIA,McLaren
9070,1,Max VERSTAPPEN,VER,Red Bull Racing
9070,2,Logan SARGEANT,SAR,Williams
9070,4,Lando NORRIS,NOR,McLaren
9070,10,Pierre GASLY,GAS,Alpine
9070,11,Sergio PEREZ,PER,Red Bull Racing
9070,14,Fernando ALONSO,ALO,Aston Martin
9070,16,Charles LECLERC,LEC,Ferrari
9070,18,Lance STROLL,STR,Aston Martin
9070,20,Kevin MAGNUSSEN,MAG,Haas F1 Team
9070,21,Nyck DE VRIES,DEV,AlphaTauri
9070,22,Yuki TSUNODA,TSU,AlphaTauri
9070,23,Alexander ALBON,ALB,Williams
9070,24,ZHOU Guanyu,ZHO,Alfa Romeo
9070,27,Nico HULKENBERG,HUL,Haas F1 Team
9070,31,Esteban OCON,OCO,Alpine
9070,44,Lewis HAMILTON,HAM,Mercedes
9070,55,Carlos SAINZ,SAI,Ferrari
9070,63,George RUSSELL,RUS,Mercedes
9070,77,Valtteri BOTTAS,BOT,Alfa Romeo
9070,81,Oscar PIASTRI,PIA,McLaren
9078,1,Max VERSTAPPEN,VER,Red Bull Racing
9078,2,Logan SARGEANT,SAR,Williams
9078,4,Lando NORRIS,NOR,McLaren
9078,10,Pierre GASLY,GAS,Alpine
9078,11,Sergio PEREZ,PER,Red Bull Racing
9078,14,Fernando ALONSO,ALO,Aston Martin
9078,16,Charles LECLERC,LEC,Ferrari
9078,18,Lance STROLL,STR,Aston Martin
9078,20,Kevin MAGNUSSEN,MAG,Haas F1 Team
9078,21,Nyck DE VRIES,DEV,AlphaTauri
9078,22,Yuki TSUNODA,TSU,AlphaTauri
9078,23,Alexander ALBON,ALB,Williams
9078,24,ZHOU Guanyu,ZHO,Alfa Romeo
9078,27,Nico HULKENBERG,HUL,Haas F1 Team
9078,31,Esteban OCON,OCO,Alpine
9078,44,Lewis HAMILTON,HAM,Mercedes
9078,55,Carlos SAINZ,SAI,Ferrari
9078,63,George RUSSELL,RUS,Mercedes
9078,77,Valtteri BOTTAS,BOT,Alfa Romeo
9078,81,Oscar PIASTRI,PIA,McLaren
9094,1,Max VERSTAPPEN,VER,Red Bull Racing
9094,2,Logan SARGEANT,SAR,Williams
9094,4,Lando NORRIS,NOR,McLaren
9094,10,Pierre GASLY,GAS,Alpine
9094,11,Sergio PEREZ,PER,Red Bull Racing
9094,14,Fernando ALONSO,ALO,Aston Martin
9094,16,Charles LECLERC,LEC,Ferrari
9094,18,Lance STROLL,STR,Aston Martin
9094,20,Kevin MAGNUSSEN,MAG,Haas F1 Team
9094,21,Nyck DE VRIES,DEV,AlphaTauri
9094,22,Yuki TSUNODA,TSU,AlphaTauri
9094,23,Alexander ALBON,ALB,Williams
9094,24,ZHOU Guanyu,ZHO,Alfa Romeo
9094,27,Nico HULKENBERG,HUL,Haas F1 Team
9094,31,Esteban OCON,OCO,Alpine
9094,44,Lewis HAMILTON,HAM,Mercedes
9094,55,Carlos SAINZ,SAI,Ferrari
9094,63,George RUSSELL,RUS,Mercedes
9094,77,Valtteri BOTTAS,BOT,Alfa Romeo
9094,81,Oscar PIASTRI,PIA,McLaren
9102,1,Max VERSTAPPEN,VER,Red Bull Racing
9102,2,Logan SARGEANT,SAR,Williams
9102,4,Lando NORRIS,NOR,McLaren
9102,10,Pierre GASLY,GAS,Alpine
9102,11,Sergio PEREZ,PER,Red Bull Racing
9102,14,Fernando ALONSO,ALO,Aston Martin
9102,16,Charles LECLERC,LEC,Ferrari
9102,18,Lance STROLL,STR,Aston Martin
9102,20,Kevin MAGNUSSEN,MAG,Haas F1 Team
9102,21,Nyck DE VRIES,DEV,AlphaTauri
9102,22,Yuki TSUNODA,TSU,AlphaTauri
9102,23,Alexander ALBON,ALB,Williams
9102,24,ZHOU Guanyu,ZHO,Alfa Romeo
9102,27,Nico HULKENBERG,HUL,Haas F1 Team
9102,31,Esteban OCON,OCO,Alpine
9102,44,Lewis HAMILTON,HAM,Mercedes
9102,55,Carlos SAINZ,SAI,Ferrari
9102,63,George RUSSELL,RUS,Mercedes
9102,77,Valtteri BOTTAS,BOT,Alfa Romeo
9102,81,Oscar PIASTRI,PIA,McLaren
9110,1,Max VERSTAPPEN,VER,Red Bull Racing
9110,2,Logan SARGEANT,SAR,Williams
9110,4,Lando NORRIS,NOR,McLaren
9110,10,Pierre GASLY,GAS,Alpine
9110,11,Sergio PEREZ,PER,Red Bull Racing
9110,14,Fernando ALONSO,ALO,Aston Martin
9110,16,Charles LECLERC,LEC,Ferrari
9110,18,Lance STROLL,STR,Aston Martin
9110,20,Kevin MAGNUSSEN,MAG,Haas F1 Team
9110,21,Nyck DE VRIES,DEV,AlphaTauri
9110,22,Yuki TSUNODA,TSU,AlphaTauri
9110,23,Alexander ALBON,ALB,Williams
9110,24,ZHOU Guanyu,ZHO,Alfa Romeo
9110,27,Nico HULKENBERG,HUL,Haas F1 Team
9110,31,Esteban OCON,OCO,Alpine
9110,44,Lewis HAMILTON,HAM,Mercedes
9110,55,Carlos SAINZ,SAI,Ferrari
9110,63,George RUSSELL,RUS,Mercedes
9110,77,Valtteri BOTTAS,BOT,Alfa Romeo
9110,81,Oscar PIASTRI,PIA,McLaren
9118,1,Max VERSTAPPEN,VER,Red Bull Racing
9118,2,Logan SARGEANT,SAR,Williams
9118,4,Lando NORRIS,NOR,McLaren
9118,10,Pierre GASLY,GAS,Alpine
9118,11,Sergio PEREZ,PER,Red Bull Racing
9118,14,Fernando ALONSO,ALO,Aston Martin
9118,16,Charles LECLERC,LEC,Ferrari
9118,18,Lance STROLL,STR,Aston Martin
9118,20,Kevin MAGNUSSEN,MAG,Haas F1 Team
9118,21,Nyck DE VRIES,DEV,AlphaTauri
9118,22,Yuki TSUNODA,TSU,AlphaTauri
9118,23,Alexander ALBON,ALB,Williams
9118,24,ZHOU Guanyu,ZHO,Alfa Romeo
9118,27,Nico HULKENBERG,HUL,Haas F1 Team
9118,31,Esteban OCON,OCO,Alpine
9118,44,Lewis HAMILTON,HAM,Mercedes
9118,55,Carlos SAINZ,SAI,Ferrari
9118,63,George RUSSELL,RUS,Mercedes
9118,77,Valtteri BOTTAS,BOT,Alfa Romeo
9118,81,Oscar PIASTRI,PIA,McLaren
9126,1,Max VERSTAPPEN,VER,Red Bull Racing
9126,2,Logan SARGEANT,SAR,Williams
9126,4,Lando NORRIS,NOR,McLaren
9126,10,Pierre GASLY,GAS,Alpine
9126,11,Sergio PEREZ,PER,Red Bull Racing
9126,14,Fernando ALONSO,ALO,Aston Martin
9126,16,Charles LECLERC,LEC,Ferrari
9126,18,Lance STROLL,STR,Aston Martin
9126,20,Kevin MAGNUSSEN,MAG,Haas F1 Team
9126,21,Nyck DE VRIES,DEV,AlphaTauri
9126,22,Yuki TSUNODA,TSU,AlphaTauri
9126,23,Alexander ALBON,ALB,Williams
9126,24,ZHOU Guanyu,ZHO,Alfa Romeo
9126,27,Nico HULKENBERG,HUL,Haas F1 Team
9126,31,Esteban OCON,OCO,Alpine
9126,44,Lewis HAMILTON,HAM,Mercedes
9126,55,Carlos SAINZ,SAI,Ferrari
9126,63,George RUSSELL,RUS,Mercedes
9126,77,Valtteri BOTTAS,BOT,Alfa Romeo
9126,81,Oscar PIASTRI,PIA,McLaren
9133,1,Max VERSTAPPEN,VER,Red Bull Racing
9133,2,Logan SARGEANT,SAR,Williams
9133,3,Daniel RICCIARDO,RIC,AlphaTauri
9133,4,Lando NORRIS,NOR,McLaren
9133,10,Pierre GASLY,GAS,Alpine
9133,11,Sergio PEREZ,PER,Red Bull Racing
9133,14,Fernando ALONSO,ALO,Aston Martin
9133,16,Charles LECLERC,LEC,Ferrari
9133,18,Lance STROLL,STR,Aston Martin
9133,20,Kevin MAGNUSSEN,MAG,Haas F1 Team
9133,22,Yuki TSUNODA,TSU,AlphaTauri
9133,23,Alexander ALBON,ALB,Williams
9133,24,ZHOU Guanyu,ZHO,Alfa Romeo
9133,27,Nico HULKENBERG,HUL,Haas F1 Team
9133,31,Esteban OCON,OCO,Alpine
9133,44,Lewis HAMILTON,HAM,Mercedes
9133,55,Carlos SAINZ,SAI,Ferrari
9133,63,George RUSSELL,RUS,Mercedes
9133,77,Valtteri BOTTAS,BOT,Alfa Romeo
9133,81,Oscar PIASTRI,PIA,McLaren
9141,1,Max VERSTAPPEN,VER,Red Bull Racing
9141,2,Logan SARGEANT,SAR,Williams
9141,3,Daniel RICCIARDO,RIC,AlphaTauri
9141,4,Lando NORRIS,NOR,McLaren
9141,10,Pierre GASLY,GAS,Alpine
9141,11,Sergio PEREZ,PER,Red Bull Racing
9141,14,Fernando ALONSO,ALO,Aston Martin
9141,16,Charles LECLERC,LEC,Ferrari
9141,18,Lance STROLL,STR,Aston Martin
9141,20,Kevin MAGNUSSEN,MAG,Haas F1 Team
9141,22,Yuki TSUNODA,TSU,AlphaTauri
9141,23,Alexander ALBON,ALB,Williams
9141,24,ZHOU Guanyu,ZHO,Alfa Romeo
9141,27,Nico HULKENBERG,HUL,Haas F1 Team
9141,31,Esteban OCON,OCO,Alpine
9141,44,Lewis HAMILTON,HAM,Mercedes
9141,55,Carlos SAINZ,SAI,Ferrari
9141,63,George RUSSELL,RUS,Mercedes
9141,77,Valtteri BOTTAS,BOT,Alfa Romeo
9141,81,Oscar PIASTRI,PIA,McLaren
9149,1,Max VERSTAPPEN,VER,Red Bull Racing
9149,2,Logan SARGEANT,SAR,Williams
9149,4,Lando NORRIS,NOR,McLaren
9149,10,Pierre GASLY,GAS,Alpine
9149,11,Sergio PEREZ,PER,Red Bull Racing
9149,14,Fernando ALONSO,ALO,Aston Martin
9149,16,Charles LECLERC,LEC,Ferrari
9149,18,Lance STROLL,STR,Aston Martin
9149,20,Kevin MAGNUSSEN,MAG,Haas F1 Team
9149,22,Yuki TSUNODA,TSU,AlphaTauri
9149,23,Alexander ALBON,ALB,Williams
9149,24,ZHOU Guanyu,ZHO,Alfa Romeo
9149,27,Nico HULKENBERG,HUL,Haas F1 Team
9149,31,Esteban OCON,OCO,Alpine
9149,40,Liam LAWSON,LAW,AlphaTauri
9149,44,Lewis HAMILTON,HAM,Mercedes
9149,55,Carlos SAINZ,SAI,Ferrari
9149,63,George RUSSELL,RUS,Mercedes
9149,77,Valtteri BOTTAS,BOT,Alfa Romeo
9149,81,Oscar PIASTRI,PIA,McLaren
9157,1,Max VERSTAPPEN,VER,Red Bull Racing
9157,2,Logan SARGEANT,SAR,Williams
9157,4,Lando NORRIS,NOR,McLaren
9157,10,Pierre GASLY,GAS,Alpine
9157,11,Sergio PEREZ,PER,Red Bull Racing
9157,14,Fernando ALONSO,ALO,Aston Martin
9157,16,Charles LECLERC,LEC,Ferrari
9157,18,Lance STROLL,STR,Aston Martin
9157,20,Kevin MAGNUSSEN,MAG,Haas F1 Team
9157,22,Yuki TSUNODA,TSU,AlphaTauri
9157,23,Alexander ALBON,ALB,Williams
9157,24,ZHOU Guanyu,ZHO,Alfa Romeo
9157,27,Nico HULKENBERG,HUL,Haas F1 Team
9157,31,Esteban OCON,OCO,Alpine
9157,40,Liam LAWSON,LAW,AlphaTauri
9157,44,Lewis HAMILTON,HAM,Mercedes
9157,55,Carlos SAINZ,SAI,Ferrari
9157,63,George RUSSELL,RUS,Mercedes
9157,77,Valtteri BOTTAS,BOT,Alfa Romeo
9157,81,Oscar PIASTRI,PIA,McLaren
9165,1,Max VERSTAPPEN,VER,Red Bull Racing
9165,2,Logan SARGEANT,SAR,Williams
9165,4,Lando NORRIS,NOR,McLaren
9165,10,Pierre GASLY,GAS,Alpine
9165,11,Sergio PEREZ,PER,Red Bull Racing
9165,14,Fernando ALONSO,ALO,Aston Martin
9165,16,Charles LECLERC,LEC,Ferrari
9165,20,Kevin MAGNUSSEN,MAG,Haas F1 Team
9165,22,Yuki TSUNODA,TSU,AlphaTauri
9165,23,Alexander ALBON,ALB,Williams
9165,24,ZHOU Guanyu,ZHO,Alfa Romeo
9165,27,Nico HULKENBERG,HUL,Haas F1 Team
9165,31,Esteban OCON,OCO,Alpine
9165,40,Liam LAWSON,LAW,AlphaTauri
9165,44,Lewis HAMILTON,HAM,Mercedes
9165,55,Carlos SAINZ,SAI,Ferrari
9165,63,George RUSSELL,RUS,Mercedes
9165,77,Valtteri BOTTAS,BOT,Alfa Romeo
9165,81,Oscar PIASTRI,PIA,McLaren
9173,1,Max VERSTAPPEN,VER,Red Bull Racing
9173,2,Logan SARGEANT,SAR,Williams
9173,4,Lando NORRIS,NOR,McLaren
9173,10,Pierre GASLY,GAS,Alpine
9173,11,Sergio PEREZ,PER,Red Bull Racing
9173,14,Fernando ALONSO,ALO,Aston Martin
9173,16,Charles LECLERC,LEC,Ferrari
9173,18,Lance STROLL,STR,Aston Martin
9173,20,Kevin MAGNUSSEN,MAG,Haas F1 Team
9173,22,Yuki TSUNODA,TSU,AlphaTauri
9173,23,Alexander ALBON,ALB,Williams
9173,24,ZHOU Guanyu,ZHO,Alfa Romeo
9173,27,Nico HULKENBERG,HUL,Haas F1 Team
9173,31,Esteban OCON,OCO,Alpine
9173,40,Liam LAWSON,LAW,AlphaTauri
9173,44,Lewis HAMILTON,HAM,Mercedes
9173,55,Carlos SAINZ,SAI,Ferrari
9173,63,George RUSSELL,RUS,Mercedes
9173,77,Valtteri BOTTAS,BOT,Alfa Romeo
9173,81,Oscar PIASTRI,PIA,McLaren
9221,1,Max VERSTAPPEN,VER,Red Bull Racing
9221,2,Logan SARGEANT,SAR,Williams
9221,4,Lando NORRIS,NOR,McLaren
9221,10,Pierre GASLY,GAS,Alpine
9221,11,Sergio PEREZ,PER,Red Bull Racing
9221,14,Fernando ALONSO,ALO,Aston Martin
9221,16,Charles LECLERC,LEC,Ferrari
9221,18,Lance STROLL,STR,Aston Martin
9221,20,Kevin MAGNUSSEN,MAG,Haas F1 Team
9221,22,Yuki TSUNODA,TSU,AlphaTauri
9221,23,Alexander ALBON,ALB,Williams
9221,24,ZHOU Guanyu,ZHO,Alfa Romeo
9221,27,Nico HULKENBERG,HUL,Haas F1 Team
9221,31,Esteban OCON,OCO,Alpine
9221,40,Liam LAWSON,LAW,AlphaTauri
9221,44,Lewis HAMILTON,HAM,Mercedes
9221,55,Carlos SAINZ,SAI,Ferrari
9221,63,George RUSSELL,RUS,Mercedes
9221,77,Valtteri BOTTAS,BOT,Alfa Romeo
9221,81,Oscar PIASTRI,PIA,McLaren
9213,1,Max VERSTAPPEN,VER,Red Bull Racing
9213,2,Logan SARGEANT,SAR,Williams
9213,3,Daniel RICCIARDO,RIC,AlphaTauri
9213,4,Lando NORRIS,NOR,McLaren
9213,10,Pierre GASLY,GAS,Alpine
9213,11,Sergio PEREZ,PER,Red Bull Racing
9213,14,Fernando ALONSO,ALO,Aston Martin
9213,16,Charles LECLERC,LEC,Ferrari
9213,18,Lance STROLL,STR,Aston Martin
9213,20,Kevin MAGNUSSEN,MAG,Haas F1 Team
9213,22,Yuki TSUNODA,TSU,AlphaTauri
9213,23,Alexander ALBON,ALB,Williams
9213,24,ZHOU Guanyu,ZHO,Alfa Romeo
9213,27,Nico HULKENBERG,HUL,Haas F1 Team
9213,31,Esteban OCON,OCO,Alpine
9213,44,Lewis HAMILTON,HAM,Mercedes
9213,55,Carlos SAINZ,SAI,Ferrari
9213,63,George RUSSELL,RUS,Mercedes
9213,77,Valtteri BOTTAS,BOT,Alfa Romeo
9213,81,Oscar PIASTRI,PIA,McLaren
9181,1,Max VERSTAPPEN,VER,Red Bull Racing
9181,2,Logan SARGEANT,SAR,Williams
9181,3,Daniel RICCIARDO,RIC,AlphaTauri
9181,4,Lando NORRIS,NOR,McLaren
9181,10,Pierre GASLY,GAS,Alpine
9181,11,Sergio PEREZ,PER,Red Bull Racing
9181,14,Fernando ALONSO,ALO,Aston Martin
9181,16,Charles LECLERC,LEC,Ferrari
9181,18,Lance STROLL,STR,Aston Martin
9181,20,Kevin MAGNUSSEN,MAG,Haas F1 Team
9181,22,Yuki TSUNODA,TSU,AlphaTauri
9181,23,Alexander ALBON,ALB,Williams
9181,24,ZHOU Guanyu,ZHO,Alfa Romeo
9181,27,Nico HULKENBERG,HUL,Haas F1 Team
9181,31,Esteban OCON,OCO,Alpine
9181,44,Lewis HAMILTON,HAM,Mercedes
9181,55,Carlos SAINZ,SAI,Ferrari
9181,63,George RUSSELL,RUS,Mercedes
9181,77,Valtteri BOTTAS,BOT,Alfa Romeo
9181,81,Oscar PIASTRI,PIA,McLaren
9205,1,Max VERSTAPPEN,VER,Red Bull Racing
9205,2,Logan SARGEANT,SAR,Williams
9205,3,Daniel RICCIARDO,RIC,AlphaTauri
9205,4,Lando NORRIS,NOR,McLaren
9205,10,Pierre GASLY,GAS,Alpine
9205,11,Sergio PEREZ,PER,Red Bull Racing
9205,14,Fernando ALONSO,ALO,Aston Martin
9205,16,Charles LECLERC,LEC,Ferrari
9205,18,Lance STROLL,STR,Aston Martin
9205,20,Kevin MAGNUSSEN,MAG,Haas F1 Team
9205,22,Yuki TSUNODA,TSU,AlphaTauri
9205,23,Alexander ALBON,ALB,Williams
9205,24,ZHOU Guanyu,ZHO,Alfa Romeo
9205,27,Nico HULKENBERG,HUL,Haas F1 Team
9205,31,Esteban OCON,OCO,Alpine
9205,44,Lewis HAMILTON,HAM,Mercedes
9205,55,Carlos SAINZ,SAI,Ferrari
9205,63,George RUSSELL,RUS,Mercedes
9205,77,Valtteri BOTTAS,BOT,Alfa Romeo
9205,81,Oscar PIASTRI,PIA,McLaren
9189,1,Max VERSTAPPEN,VER,Red Bull Racing
9189,2,Logan SARGEANT,SAR,Williams
9189,3,Daniel RICCIARDO,RIC,AlphaTauri
9189,4,Lando NORRIS,NOR,McLaren
9189,10,Pierre GASLY,GAS,Alpine
9189,11,Sergio PEREZ,PER,Red Bull Racing
9189,14,Fernando ALONSO,ALO,Aston Martin
9189,16,Charles LECLERC,LEC,Ferrari
9189,18,Lance STROLL,STR,Aston Martin
9189,20,Kevin MAGNUSSEN,MAG,Haas F1 Team
9189,22,Yuki TSUNODA,TSU,AlphaTauri
9189,23,Alexander ALBON,ALB,Williams
9189,24,ZHOU Guanyu,ZHO,Alfa Romeo
9189,27,Nico HULKENBERG,HUL,Haas F1 Team
9189,31,Esteban OCON,OCO,Alpine
9189,44,Lewis HAMILTON,HAM,Mercedes
9189,55,Carlos SAINZ,SAI,Ferrari
9189,63,George RUSSELL,RUS,Mercedes
9189,77,Valtteri BOTTAS,BOT,Alfa Romeo
9189,81,Oscar PIASTRI,PIA,McLaren
9197,1,Max VERSTAPPEN,VER,Red Bull Racing
9197,2,Logan SARGEANT,SAR,Williams
9197,3,Daniel RICCIARDO,RIC,AlphaTauri
9197,4,Lando NORRIS,NOR,McLaren
9197,10,Pierre GASLY,GAS,Alpine
9197,11,Sergio PEREZ,PER,Red Bull Racing
9197,14,Fernando ALONSO,ALO,Aston Martin
9197,16,Charles LECLERC,LEC,Ferrari
9197,18,Lance STROLL,STR,Aston Martin
9197,20,Kevin MAGNUSSEN,MAG,Haas F1 Team
9197,22,Yuki TSUNODA,TSU,AlphaTauri
9197,23,Alexander ALBON,ALB,Williams
9197,24,ZHOU Guanyu,ZHO,Alfa Romeo
9197,27,Nico HULKENBERG,HUL,Haas F1 Team
9197,31,Esteban OCON,OCO,Alpine
9197,44,Lewis HAMILTON,HAM,Mercedes
9197,55,Carlos SAINZ,SAI,Ferrari
9197,63,George RUSSELL,RUS,Mercedes
9197,77,Valtteri BOTTAS,BOT,Alfa Romeo
9197,81,Oscar PIASTRI,PIA,McLaren
9472,1,Max VERSTAPPEN,VER,Red Bull Racing
9472,2,Logan SARGEANT,SAR,Williams
9472,3,Daniel RICCIARDO,RIC,RB
9472,4,Lando NORRIS,NOR,McLaren
9472,10,Pierre GASLY,GAS,Alpine
9472,11,Sergio PEREZ,PER,Red Bull Racing
9472,14,Fernando ALONSO,ALO,Aston Martin
9472,16,Charles LECLERC,LEC,Ferrari
9472,18,Lance STROLL,STR,Aston Martin
9472,20,Kevin MAGNUSSEN,MAG,Haas F1 Team
9472,22,Yuki TSUNODA,TSU,RB
9472,23,Alexander ALBON,ALB,Williams
9472,24,ZHOU Guanyu,ZHO,Kick Sauber
9472,27,Nico HULKENBERG,HUL,Haas F1 Team
9472,31,Esteban OCON,OCO,Alpine
9472,44,Lewis HAMILTON,HAM,Mercedes
9472,55,Carlos SAINZ,SAI,Ferrari
9472,63,George RUSSELL,RUS,Mercedes
9472,77,Valtteri BOTTAS,BOT,Kick Sauber
9472,81,Oscar PIASTRI,PIA,McLaren
9480,1,Max VERSTAPPEN,VER,Red Bull Racing
9480,2,Logan SARGEANT,SAR,Williams
9480,3,Daniel RICCIARDO,RIC,RB
9480,4,Lando NORRIS,NOR,McLaren
9480,10,Pierre GASLY,GAS,Alpine
9480,11,Sergio PEREZ,PER,Red Bull Racing
9480,14,Fernando ALONSO,ALO,Aston Martin
9480,16,Charles LECLERC,LEC,Ferrari
9480,18,Lance STROLL,STR,Aston Martin
9480,20,Kevin MAGNUSSEN,MAG,Haas F1 Team
9480,22,Yuki TSUNODA,TSU,RB
9480,23,Alexander ALBON,ALB,Williams
9480,24,ZHOU Guanyu,ZHO,Kick Sauber
9480,27,Nico HULKENBERG,HUL,Haas F1 Team
9480,31,Esteban OCON,OCO,Alpine
9480,38,Oliver BEARMAN,BEA,Ferrari
9480,44,Lewis HAMILTON,HAM,Mercedes
9480,63,George RUSSELL,RUS,Mercedes
9480,77,Valtteri BOTTAS,BOT,Kick Sauber
9480,81,Oscar PIASTRI,PIA,McLaren
9488,1,Max VERSTAPPEN,VER,Red Bull Racing
9488,3,Daniel RICCIARDO,RIC,RB
9488,4,Lando NORRIS,NOR,McLaren
9488,10,Pierre GASLY,GAS,Alpine
9488,11,Sergio PEREZ,PER,Red Bull Racing
9488,14,Fernando ALONSO,ALO,Aston Martin
9488,16,Charles LECLERC,LEC,Ferrari
9488,18,Lance STROLL,STR,Aston Martin
9488,20,Kevin MAGNUSSEN,MAG,Haas F1 Team
9488,22,Yuki TSUNODA,TSU,RB
9488,23,Alexander ALBON,ALB,Williams
9488,24,ZHOU Guanyu,ZHO,Kick Sauber
9488,27,Nico HULKENBERG,HUL,Haas F1 Team
9488,31,Esteban OCON,OCO,Alpine
9488,44,Lewis HAMILTON,HAM,Mercedes
9488,55,Carlos SAINZ,SAI,Ferrari
9488,63,George RUSSELL,RUS,Mercedes
9488,77,Valtteri BOTTAS,BOT,Kick Sauber
9488,81,Oscar PIASTRI,PIA,McLaren
9496,1,Max VERSTAPPEN,VER,Red Bull Racing
9496,2,Logan SARGEANT,SAR,Williams
9496,3,Daniel RICCIARDO,RIC,RB
9496,4,Lando NORRIS,NOR,McLaren
9496,10,Pierre GASLY,GAS,Alpine
9496,11,Sergio PEREZ,PER,Red Bull Racing
9496,14,Fernando ALONSO,ALO,Aston Martin
9496,16,Charles LECLERC,LEC,Ferrari
9496,18,Lance STROLL,STR,Aston Martin
9496,20,Kevin MAGNUSSEN,MAG,Haas F1 Team
9496,22,Yuki TSUNODA,TSU,RB
9496,23,Alexander ALBON,ALB,Williams
9496,24,ZHOU Guanyu,ZHO,Kick Sauber
9496,27,Nico HULKENBERG,HUL,Haas F1 Team
9496,31,Esteban OCON,OCO,Alpine
9496,44,Lewis HAMILTON,HAM,Mercedes
9496,55,Carlos SAINZ,SAI,Ferrari
9496,63,George RUSSELL,RUS,Mercedes
9496,77,Valtteri BOTTAS,BOT,Kick Sauber
9496,81,Oscar PIASTRI,PIA,McLaren
9673,1,Max VERSTAPPEN,VER,Red Bull Racing
9673,2,Logan SARGEANT,SAR,Williams
9673,3,Daniel RICCIARDO,RIC,RB
9673,4,Lando NORRIS,NOR,McLaren
9673,10,Pierre GASLY,GAS,Alpine
9673,11,Sergio PEREZ,PER,Red Bull Racing
9673,14,Fernando ALONSO,ALO,Aston Martin
9673,16,Charles LECLERC,LEC,Ferrari
9673,18,Lance STROLL,STR,Aston Martin
9673,20,Kevin MAGNUSSEN,MAG,Haas F1 Team
9673,22,Yuki TSUNODA,TSU,RB
9673,23,Alexander ALBON,ALB,Williams
9673,24,ZHOU Guanyu,ZHO,Kick Sauber
9673,27,Nico HULKENBERG,HUL,Haas F1 Team
9673,31,Esteban OCON,OCO,Alpine
9673,44,Lewis HAMILTON,HAM,Mercedes
9673,55,Carlos SAINZ,SAI,Ferrari
9673,63,George RUSSELL,RUS,Mercedes
9673,77,Valtteri BOTTAS,BOT,Kick Sauber
9673,81,Oscar PIASTRI,PIA,McLaren
9507,1,Max VERSTAPPEN,VER,Red Bull Racing
9507,2,Logan SARGEANT,SAR,Williams
9507,3,Daniel RICCIARDO,RIC,RB
9507,4,Lando NORRIS,NOR,McLaren
9507,10,Pierre GASLY,GAS,Alpine
9507,11,Sergio PEREZ,PER,Red Bull Racing
9507,14,Fernando ALONSO,ALO,Aston Martin
9507,16,Charles LECLERC,LEC,Ferrari
9507,18,Lance STROLL,STR,Aston Martin
9507,20,Kevin MAGNUSSEN,MAG,Haas F1 Team
9507,22,Yuki TSUNODA,TSU,RB
9507,23,Alexander ALBON,ALB,Williams
9507,24,ZHOU Guanyu,ZHO,Kick Sauber
9507,27,Nico HULKENBERG,HUL,Haas F1 Team
9507,31,Esteban OCON,OCO,Alpine
9507,44,Lewis HAMILTON,HAM,Mercedes
9507,55,Carlos SAINZ,SAI,Ferrari
9507,63,George RUSSELL,RUS,Mercedes
9507,77,Valtteri BOTTAS,BOT,Kick Sauber
9507,81,Oscar PIASTRI,PIA,McLaren
9515,1,Max VERSTAPPEN,VER,Red Bull Racing
9515,2,Logan SARGEANT,SAR,Williams
9515,3,Daniel RICCIARDO,RIC,RB
9515,4,Lando NORRIS,NOR,McLaren
9515,10,Pierre GASLY,GAS,Alpine
9515,11,Sergio PEREZ,PER,Red Bull Racing
9515,14,Fernando ALONSO,ALO,Aston Martin
9515,16,Charles LECLERC,LEC,Ferrari
9515,18,Lance STROLL,STR,Aston Martin
9515,20,Kevin MAGNUSSEN,MAG,Haas F1 Team
9515,22,Yuki TSUNODA,TSU,RB
9515,23,Alexander ALBON,ALB,Williams
9515,24,ZHOU Guanyu,ZHO,Kick Sauber
9515,27,Nico HULKENBERG,HUL,Haas F1 Team
9515,31,Esteban OCON,OCO,Alpine
9515,44,Lewis HAMILTON,HAM,Mercedes
9515,55,Carlos SAINZ,SAI,Ferrari
9515,63,George RUSSELL,RUS,Mercedes
9515,77,Valtteri BOTTAS,BOT,Kick Sauber
9515,81,Oscar PIASTRI,PIA,McLaren
9523,1,Max VERSTAPPEN,VER,Red Bull Racing
9523,2,Logan SARGEANT,SAR,Williams
9523,3,Daniel RICCIARDO,RIC,RB
9523,4,Lando NORRIS,NOR,McLaren
9523,10,Pierre GASLY,GAS,Alpine
9523,11,Sergio PEREZ,PER,Red Bull Racing
9523,14,Fernando ALONSO,ALO,Aston Martin
9523,16,Charles LECLERC,LEC,Ferrari
9523,18,Lance STROLL,STR,Aston Martin
9523,20,Kevin MAGNUSSEN,MAG,Haas F1 Team
9523,22,Yuki TSUNODA,TSU,RB
9523,23,Alexander ALBON,ALB,Williams
9523,24,ZHOU Guanyu,ZHO,Kick Sauber
9523,27,Nico HULKENBERG,HUL,Haas F1 Team
9523,31,Esteban OCON,OCO,Alpine
9523,44,Lewis HAMILTON,HAM,Mercedes
9523,55,Carlos SAINZ,SAI,Ferrari
9523,63,George RUSSELL,RUS,Mercedes
9523,77,Valtteri BOTTAS,BOT,Kick Sauber
9523,81,Oscar PIASTRI,PIA,McLaren
9531,1,Max VERSTAPPEN,VER,Red Bull Racing
9531,2,Logan SARGEANT,SAR,Williams
9531,3,Daniel RICCIARDO,RIC,RB
9531,4,Lando NORRIS,NOR,McLaren
9531,10,Pierre GASLY,GAS,Alpine
9531,11,Sergio PEREZ,PER,Red Bull Racing
9531,14,Fernando ALONSO,ALO,Aston Martin
9531,16,Charles LECLERC,LEC,Ferrari
9531,18,Lance STROLL,STR,Aston Martin
9531,20,Kevin MAGNUSSEN,MAG,Haas F1 Team
9531,22,Yuki TSUNODA,TSU,RB
9531,23,Alexander ALBON,ALB,Williams
9531,24,ZHOU Guanyu,ZHO,Kick Sauber
9531,27,Nico HULKENBERG,HUL,Haas F1 Team
9531,31,Esteban OCON,OCO,Alpine
9531,44,Lewis HAMILTON,HAM,Mercedes
9531,55,Carlos SAINZ,SAI,Ferrari
9531,63,George RUSSELL,RUS,Mercedes
9531,77,Valtteri BOTTAS,BOT,Kick Sauber
9531,81,Oscar PIASTRI,PIA,McLaren
9539,1,Max VERSTAPPEN,VER,Red Bull Racing
9539,2,Logan SARGEANT,SAR,Williams
9539,3,Daniel RICCIARDO,RIC,RB
9539,4,Lando NORRIS,NOR,McLaren
9539,10,Pierre GASLY,GAS,Alpine
9539,11,Sergio PEREZ,PER,Red Bull Racing
9539,14,Fernando ALONSO,ALO,Aston Martin
9539,16,Charles LECLERC,LEC,Ferrari
9539,18,Lance STROLL,STR,Aston Martin
9539,20,Kevin MAGNUSSEN,MAG,Haas F1 Team
9539,22,Yuki TSUNODA,TSU,RB
9539,23,Alexander ALBON,ALB,Williams
9539,24,ZHOU Guanyu,ZHO,Kick Sauber
9539,27,Nico HULKENBERG,HUL,Haas F1 Team
9539,31,Esteban OCON,OCO,Alpine
9539,44,Lewis HAMILTON,HAM,Mercedes
9539,55,Carlos SAINZ,SAI,Ferrari
9539,63,George RUSSELL,RUS,Mercedes
9539,77,Valtteri BOTTAS,BOT,Kick Sauber
9539,81,Oscar PIASTRI,PIA,McLaren
9550,1,Max VERSTAPPEN,VER,Red Bull Racing
9550,2,Logan SARGEANT,SAR,Williams
9550,3,Daniel RICCIARDO,RIC,RB
9550,4,Lando NORRIS,NOR,McLaren
9550,10,Pierre GASLY,GAS,Alpine
9550,11,Sergio PEREZ,PER,Red Bull Racing
9550,14,Fernando ALONSO,ALO,Aston Martin
9550,16,Charles LECLERC,LEC,Ferrari
9550,18,Lance STROLL,STR,Aston Martin
9550,20,Kevin MAGNUSSEN,MAG,Haas F1 Team
9550,22,Yuki TSUNODA,TSU,RB
9550,23,Alexander ALBON,ALB,Williams
9550,24,ZHOU Guanyu,ZHO,Kick Sauber
9550,27,Nico HULKENBERG,HUL,Haas F1 Team
9550,31,Esteban OCON,OCO,Alpine
9550,44,Lewis HAMILTON,HAM,Mercedes
9550,55,Carlos SAINZ,SAI,Ferrari
9550,63,George RUSSELL,RUS,Mercedes
9550,77,Valtteri BOTTAS,BOT,Kick Sauber
9550,81,Oscar PIASTRI,PIA,McLaren
9558,1,Max VERSTAPPEN,VER,Red Bull Racing
9558,2,Logan SARGEANT,SAR,Williams
9558,3,Daniel RICCIARDO,RIC,RB
9558,4,Lando NORRIS,NOR,McLaren
9558,10,Pierre GASLY,GAS,Alpine
9558,11,Sergio PEREZ,PER,Red Bull Racing
9558,14,Fernando ALONSO,ALO,Aston Martin
9558,16,Charles LECLERC,LEC,Ferrari
9558,18,Lance STROLL,STR,Aston Martin
9558,20,Kevin MAGNUSSEN,MAG,Haas F1 Team
9558,22,Yuki TSUNODA,TSU,RB
9558,23,Alexander ALBON,ALB,Williams
9558,24,ZHOU Guanyu,ZHO,Kick Sauber
9558,27,Nico HULKENBERG,HUL,Haas F1 Team
9558,31,Esteban OCON,OCO,Alpine
9558,44,Lewis HAMILTON,HAM,Mercedes
9558,55,Carlos SAINZ,SAI,Ferrari
9558,63,George RUSSELL,RUS,Mercedes
9558,77,Valtteri BOTTAS,BOT,Kick Sauber
9558,81,Oscar PIASTRI,PIA,McLaren
9566,1,Max VERSTAPPEN,VER,Red Bull Racing
9566,2,Logan SARGEANT,SAR,Williams
9566,3,Daniel RICCIARDO,RIC,RB
9566,4,Lando NORRIS,NOR,McLaren
9566,10,Pierre GASLY,GAS,Alpine
9566,11,Sergio PEREZ,PER,Red Bull Racing
9566,14,Fernando ALONSO,ALO,Aston Martin
9566,16,Charles LECLERC,LEC,Ferrari
9566,18,Lance STROLL,STR,Aston Martin
9566,20,Kevin MAGNUSSEN,MAG,Haas F1 Team
9566,22,Yuki TSUNODA,TSU,RB
9566,23,Alexander ALBON,ALB,Williams
9566,24,ZHOU Guanyu,ZHO,Kick Sauber
9566,27,Nico HULKENBERG,HUL,Haas F1 Team
9566,31,Esteban OCON,OCO,Alpine
9566,44,Lewis HAMILTON,HAM,Mercedes
9566,55,Carlos SAINZ,SAI,Ferrari
9566,63,George RUSSELL,RUS,Mercedes
9566,77,Valtteri BOTTAS,BOT,Kick Sauber
9566,81,Oscar PIASTRI,PIA,McLaren
9574,1,Max VERSTAPPEN,VER,Red Bull Racing
9574,2,Logan SARGEANT,SAR,Williams
9574,3,Daniel RICCIARDO,RIC,RB
9574,4,Lando NORRIS,NOR,McLaren
9574,10,Pierre GASLY,GAS,Alpine
9574,11,Sergio PEREZ,PER,Red Bull Racing
9574,14,Fernando ALONSO,ALO,Aston Martin
9574,16,Charles LECLERC,LEC,Ferrari
9574,18,Lance STROLL,STR,Aston Martin
9574,20,Kevin MAGNUSSEN,MAG,Haas F1 Team
9574,22,Yuki TSUNODA,TSU,RB
9574,23,Alexander ALBON,ALB,Williams
9574,24,ZHOU Guanyu,ZHO,Kick Sauber
9574,27,Nico HULKENBERG,HUL,Haas F1 Team
9574,31,Esteban OCON,OCO,Alpine
9574,44,Lewis HAMILTON,HAM,Mercedes
9574,55,Carlos SAINZ,SAI,Ferrari
9574,63,George RUSSELL,RUS,Mercedes
9574,77,Valtteri BOTTAS,BOT,Kick Sauber
9574,81,Oscar PIASTRI,PIA,McLaren
9582,1,Max VERSTAPPEN,VER,Red Bull Racing
9582,2,Logan SARGEANT,SAR,Williams
9582,3,Daniel RICCIARDO,RIC,RB
9582,4,Lando NORRIS,NOR,McLaren
9582,10,Pierre GASLY,GAS,Alpine
9582,11,Sergio PEREZ,PER,Red Bull Racing
9582,14,Fernando ALONSO,ALO,Aston Martin
9582,16,Charles LECLERC,LEC,Ferrari
9582,18,Lance STROLL,STR,Aston Martin
9582,20,Kevin MAGNUSSEN,MAG,Haas F1 Team
9582,22,Yuki TSUNODA,TSU,RB
9582,23,Alexander ALBON,ALB,Williams
9582,24,ZHOU Guanyu,ZHO,Kick Sauber
9582,27,Nico HULKENBERG,HUL,Haas F1 Team
9582,31,Esteban OCON,OCO,Alpine
9582,44,Lewis HAMILTON,HAM,Mercedes
9582,55,Carlos SAINZ,SAI,Ferrari
9582,63,George RUSSELL,RUS,Mercedes
9582,77,Valtteri BOTTAS,BOT,Kick Sauber
9582,81,Oscar PIASTRI,PIA,McLaren
9590,1,Max VERSTAPPEN,VER,Red Bull Racing
9590,3,Daniel RICCIARDO,RIC,RB
9590,4,Lando NORRIS,NOR,McLaren
9590,10,Pierre GASLY,GAS,Alpine
9590,11,Sergio PEREZ,PER,Red Bull Racing
9590,14,Fernando ALONSO,ALO,Aston Martin
9590,16,Charles LECLERC,LEC,Ferrari
9590,18,Lance STROLL,STR,Aston Martin
9590,20,Kevin MAGNUSSEN,MAG,Haas F1 Team
9590,22,Yuki TSUNODA,TSU,RB
9590,23,Alexander ALBON,ALB,Williams
9590,24,ZHOU Guanyu,ZHO,Kick Sauber
9590,27,Nico HULKENBERG,HUL,Haas F1 Team
9590,31,Esteban OCON,OCO,Alpine
9590,43,Franco COLAPINTO,COL,Williams
9590,44,Lewis HAMILTON,HAM,Mercedes
9590,55,Carlos SAINZ,SAI,Ferrari
9590,63,George RUSSELL,RUS,Mercedes
9590,77,Valtteri BOTTAS,BOT,Kick Sauber
9590,81,Oscar PIASTRI,PIA,McLaren
9598,1,Max VERSTAPPEN,VER,Red Bull Racing
9598,3,Daniel RICCIARDO,RIC,RB
9598,4,Lando NORRIS,NOR,McLaren
9598,10,Pierre GASLY,GAS,Alpine
9598,11,Sergio PEREZ,PER,Red Bull Racing
9598,14,Fernando ALONSO,ALO,Aston Martin
9598,16,Charles LECLERC,LEC,Ferrari
9598,18,Lance STROLL,STR,Aston Martin
9598,22,Yuki TSUNODA,TSU,RB
9598,23,Alexander ALBON,ALB,Williams
9598,24,ZHOU Guanyu,ZHO,Kick Sauber
9598,27,Nico HULKENBERG,HUL,Haas F1 Team
9598,31,Esteban OCON,OCO,Alpine
9598,43,Franco COLAPINTO,COL,Williams
9598,44,Lewis HAMILTON,HAM,Mercedes
9598,50,Oliver BEARMAN,BEA,Haas F1 Team
9598,55,Carlos SAINZ,SAI,Ferrari
9598,63,George RUSSELL,RUS,Mercedes
9598,77,Valtteri BOTTAS,BOT,Kick Sauber
9598,81,Oscar PIASTRI,PIA,McLaren
9606,1,Max VERSTAPPEN,VER,Red Bull Racing
9606,3,Daniel RICCIARDO,RIC,RB
9606,4,Lando NORRIS,NOR,McLaren
9606,10,Pierre GASLY,GAS,Alpine
9606,11,Sergio PEREZ,PER,Red Bull Racing
9606,14,Fernando ALONSO,ALO,Aston Martin
9606,16,Charles LECLERC,LEC,Ferrari
9606,18,Lance STROLL,STR,Aston Martin
9606,20,Kevin MAGNUSSEN,MAG,Haas F1 Team
9606,22,Yuki TSUNODA,TSU,RB
9606,23,Alexander ALBON,ALB,Williams
9606,24,ZHOU Guanyu,ZHO,Kick Sauber
9606,27,Nico HULKENBERG,HUL,Haas F1 Team
9606,31,Esteban OCON,OCO,Alpine
9606,43,Franco COLAPINTO,COL,Williams
9606,44,Lewis HAMILTON,HAM,Mercedes
9606,55,Carlos SAINZ,SAI,Ferrari
9606,63,George RUSSELL,RUS,Mercedes
9606,77,Valtteri BOTTAS,BOT,Kick Sauber
9606,81,Oscar PIASTRI,PIA,McLaren
9617,1,Max VERSTAPPEN,VER,Red Bull Racing
9617,4,Lando NORRIS,NOR,McLaren
9617,10,Pierre GASLY,GAS,Alpine
9617,11,Sergio PEREZ,PER,Red Bull Racing
9617,14,Fernando ALONSO,ALO,Aston Martin
9617,16,Charles LECLERC,LEC,Ferrari
9617,18,Lance STROLL,STR,Aston Martin
9617,20,Kevin MAGNUSSEN,MAG,Haas F1 Team
9617,22,Yuki TSUNODA,TSU,RB
9617,23,Alexander ALBON,ALB,Williams
9617,24,ZHOU Guanyu,ZHO,Kick Sauber
9617,27,Nico HULKENBERG,HUL,Haas F1 Team
9617,30,Liam LAWSON,LAW,RB
9617,31,Esteban OCON,OCO,Alpine
9617,43,Franco COLAPINTO,COL,Williams
9617,44,Lewis HAMILTON,HAM,Mercedes
9617,55,Carlos SAINZ,SAI,Ferrari
9617,63,George RUSSELL,RUS,Mercedes
9617,77,Valtteri BOTTAS,BOT,Kick Sauber
9617,81,Oscar PIASTRI,PIA,McLaren
9625,1,Max VERSTAPPEN,VER,Red Bull Racing
9625,4,Lando NORRIS,NOR,McLaren
9625,10,Pierre GASLY,GAS,Alpine
9625,11,Sergio PEREZ,PER,Red Bull Racing
9625,14,Fernando ALONSO,ALO,Aston Martin
9625,16,Charles LECLERC,LEC,Ferrari
9625,18,Lance STROLL,STR,Aston Martin
9625,20,Kevin MAGNUSSEN,MAG,Haas F1 Team
9625,22,Yuki TSUNODA,TSU,RB
9625,23,Alexander ALBON,ALB,Williams
9625,24,ZHOU Guanyu,ZHO,Kick Sauber
9625,27,Nico HULKENBERG,HUL,Haas F1 Team
9625,30,Liam LAWSON,LAW,RB
9625,31,Esteban OCON,OCO,Alpine
9625,43,Franco COLAPINTO,COL,Williams
9625,44,Lewis HAMILTON,HAM,Mercedes
9625,55,Carlos SAINZ,SAI,Ferrari
9625,63,George RUSSELL,RUS,Mercedes
9625,77,Valtteri BOTTAS,BOT,Kick Sauber
9625,81,Oscar PIASTRI,PIA,McLaren
9636,1,Max VERSTAPPEN,VER,Red Bull Racing
9636,4,Lando NORRIS,NOR,McLaren
9636,10,Pierre GASLY,GAS,Alpine
9636,11,Sergio PEREZ,PER,Red Bull Racing
9636,14,Fernando ALONSO,ALO,Aston Martin
9636,16,Charles LECLERC,LEC,Ferrari
9636,18,Lance STROLL,STR,Aston Martin
9636,22,Yuki TSUNODA,TSU,RB
9636,23,Alexander ALBON,ALB,Williams
9636,24,ZHOU Guanyu,ZHO,Kick Sauber
9636,27,Nico HULKENBERG,HUL,Haas F1 Team
9636,30,Liam LAWSON,LAW,RB
9636,31,Esteban OCON,OCO,Alpine
9636,43,Franco COLAPINTO,COL,Williams
9636,44,Lewis HAMILTON,HAM,Mercedes
9636,50,Oliver BEARMAN,BEA,Haas F1 Team
9636,55,Carlos SAINZ,SAI,Ferrari
9636,63,George RUSSELL,RUS,Mercedes
9636,77,Valtteri BOTTAS,BOT,Kick Sauber
9636,81,Oscar PIASTRI,PIA,McLaren
9644,1,Max VERSTAPPEN,VER,Red Bull Racing
9644,4,Lando NORRIS,NOR,McLaren
9644,10,Pierre GASLY,GAS,Alpine
9644,11,Sergio PEREZ,PER,Red Bull Racing
9644,14,Fernando ALONSO,ALO,Aston Martin
9644,16,Charles LECLERC,LEC,Ferrari
9644,18,Lance STROLL,STR,Aston Martin
9644,20,Kevin MAGNUSSEN,MAG,Haas F1 Team
9644,22,Yuki TSUNODA,TSU,RB
9644,23,Alexander ALBON,ALB,Williams
9644,24,ZHOU Guanyu,ZHO,Kick Sauber
9644,27,Nico HULKENBERG,HUL,Haas F1 Team
9644,30,Liam LAWSON,LAW,RB
9644,31,Esteban OCON,OCO,Alpine
9644,43,Franco COLAPINTO,COL,Williams
9644,44,Lewis HAMILTON,HAM,Mercedes
9644,55,Carlos SAINZ,SAI,Ferrari
9644,63,George RUSSELL,RUS,Mercedes
9644,77,Valtteri BOTTAS,BOT,Kick Sauber
9644,81,Oscar PIASTRI,PIA,McLaren
9655,1,Max VERSTAPPEN,VER,Red Bull Racing
9655,4,Lando NORRIS,NOR,McLaren
9655,10,Pierre GASLY,GAS,Alpine
9655,11,Sergio PEREZ,PER,Red Bull Racing
9655,14,Fernando ALONSO,ALO,Aston Martin
9655,16,Charles LECLERC,LEC,Ferrari
9655,18,Lance STROLL,STR,Aston Martin
9655,20,Kevin MAGNUSSEN,MAG,Haas F1 Team
9655,22,Yuki TSUNODA,TSU,RB
9655,23,Alexander ALBON,ALB,Williams
9655,24,ZHOU Guanyu,ZHO,Kick Sauber
9655,27,Nico HULKENBERG,HUL,Haas F1 Team
9655,30,Liam LAWSON,LAW,RB
9655,31,Esteban OCON,OCO,Alpine
9655,43,Franco COLAPINTO,COL,Williams
9655,44,Lewis HAMILTON,HAM,Mercedes
9655,55,Carlos SAINZ,SAI,Ferrari
9655,63,George RUSSELL,RUS,Mercedes
9655,77,Valtteri BOTTAS,BOT,Kick Sauber
9655,81,Oscar PIASTRI,PIA,McLaren
9662,1,Max VERSTAPPEN,VER,Red Bull Racing
9662,4,Lando NORRIS,NOR,McLaren
9662,10,Pierre GASLY,GAS,Alpine
9662,11,Sergio PEREZ,PER,Red Bull Racing
9662,14,Fernando ALONSO,ALO,Aston Martin
9662,16,Charles LECLERC,LEC,Ferrari
9662,18,Lance STROLL,STR,Aston Martin
9662,20,Kevin MAGNUSSEN,MAG,Haas F1 Team
9662,22,Yuki TSUNODA,TSU,RB
9662,23,Alexander ALBON,ALB,Williams
9662,24,ZHOU Guanyu,ZHO,Kick Sauber
9662,27,Nico HULKENBERG,HUL,Haas F1 Team
9662,30,Liam LAWSON,LAW,RB
9662,43,Franco COLAPINTO,COL,Williams
9662,44,Lewis HAMILTON,HAM,Mercedes
9662,55,Carlos SAINZ,SAI,Ferrari
9662,61,Jack DOOHAN,DOO,Alpine
9662,63,George RUSSELL,RUS,Mercedes
9662,77,Valtteri BOTTAS,BOT,Kick Sauber
9662,81,Oscar PIASTRI,PIA,McLaren
9693,1,Max VERSTAPPEN,VER,Red Bull Racing
9693,4,Lando NORRIS,NOR,McLaren
9693,5,Gabriel BORTOLETO,BOR,Kick Sauber
9693,6,Isack HADJAR,HAD,Racing Bulls
9693,7,Jack DOOHAN,DOO,Alpine
9693,10,Pierre GASLY,GAS,Alpine
9693,12,Kimi ANTONELLI,ANT,Mercedes
9693,14,Fernando ALONSO,ALO,Aston Martin
9693,16,Charles LECLERC,LEC,Ferrari
9693,18,Lance STROLL,STR,Aston Martin
9693,22,Yuki TSUNODA,TSU,Racing Bulls
9693,23,Alexander ALBON,ALB,Williams
9693,27,Nico HULKENBERG,HUL,Kick Sauber
9693,30,Liam LAWSON,LAW,Red Bull Racing
9693,31,Esteban OCON,OCO,Haas F1 Team
9693,44,Lewis HAMILTON,HAM,Ferrari
9693,55,Carlos SAINZ,SAI,Williams
9693,63,George RUSSELL,RUS,Mercedes
9693,81,Oscar PIASTRI,PIA,McLaren
9693,87,Oliver BEARMAN,BEA,Haas F1 Team
9998,1,Max VERSTAPPEN,VER,Red Bull Racing
9998,4,Lando NORRIS,NOR,McLaren
9998,5,Gabriel BORTOLETO,BOR,Kick Sauber
9998,6,Isack HADJAR,HAD,Racing Bulls
9998,7,Jack DOOHAN,DOO,Alpine
9998,10,Pierre GASLY,GAS,Alpine
9998,12,Kimi ANTONELLI,ANT,Mercedes
9998,14,Fernando ALONSO,ALO,Aston Martin
9998,16,Charles LECLERC,LEC,Ferrari
9998,18,Lance STROLL,STR,Aston Martin
9998,22,Yuki TSUNODA,TSU,Racing Bulls
9998,23,Alexander ALBON,ALB,Williams
9998,27,Nico HULKENBERG,HUL,Kick Sauber
9998,30,Liam LAWSON,LAW,Red Bull Racing
9998,31,Esteban OCON,OCO,Haas F1 Team
9998,44,Lewis HAMILTON,HAM,Ferrari
9998,55,Carlos SAINZ,SAI,Williams
9998,63,George RUSSELL,RUS,Mercedes
9998,81,Oscar PIASTRI,PIA,McLaren
9998,87,Oliver BEARMAN,BEA,Haas F1 Team
10006,1,Max VERSTAPPEN,VER,Red Bull Racing
10006,4,Lando NORRIS,NOR,McLaren
10006,5,Gabriel BORTOLETO,BOR,Kick Sauber
10006,6,Isack HADJAR,HAD,Racing Bulls
10006,7,Jack DOOHAN,DOO,Alpine
10006,10,Pierre GASLY,GAS,Alpine
10006,12,Kimi ANTONELLI,ANT,Mercedes
10006,14,Fernando ALONSO,ALO,Aston Martin
10006,16,Charles LECLERC,LEC,Ferrari
10006,18,Lance STROLL,STR,Aston Martin
10006,22,Yuki TSUNODA,TSU,Red Bull Racing
10006,23,Alexander ALBON,ALB,Williams
10006,27,Nico HULKENBERG,HUL,Kick Sauber
10006,30,Liam LAWSON,LAW,Racing Bulls
10006,31,Esteban OCON,OCO,Haas F1 Team
10006,44,Lewis HAMILTON,HAM,Ferrari
10006,55,Carlos SAINZ,SAI,Williams
10006,63,George RUSSELL,RUS,Mercedes
10006,81,Oscar PIASTRI,PIA,McLaren
10006,87,Oliver BEARMAN,BEA,Haas F1 Team
10014,1,Max VERSTAPPEN,VER,Red Bull Racing
10014,4,Lando NORRIS,NOR,McLaren
10014,5,Gabriel BORTOLETO,BOR,Kick Sauber
10014,6,Isack HADJAR,HAD,Racing Bulls
10014,7,Jack DOOHAN,DOO,Alpine
10014,10,Pierre GASLY,GAS,Alpine
10014,12,Kimi ANTONELLI,ANT,Mercedes
10014,14,Fernando ALONSO,ALO,Aston Martin
10014,16,Charles LECLERC,LEC,Ferrari
10014,18,Lance STROLL,STR,Aston Martin
10014,22,Yuki TSUNODA,TSU,Red Bull Racing
10014,23,Alexander ALBON,ALB,Williams
10014,27,Nico HULKENBERG,HUL,Kick Sauber
10014,30,Liam LAWSON,LAW,Racing Bulls
10014,31,Esteban OCON,OCO,Haas F1 Team
10014,44,Lewis HAMILTON,HAM,Ferrari
10014,55,Carlos SAINZ,SAI,Williams
10014,63,George RUSSELL,RUS,Mercedes
10014,81,Oscar PIASTRI,PIA,McLaren
10014,87,Oliver BEARMAN,BEA,Haas F1 Team
10022,1,Max VERSTAPPEN,VER,Red Bull Racing
10022,4,Lando NORRIS,NOR,McLaren
10022,5,Gabriel BORTOLETO,BOR,Kick Sauber
10022,6,Isack HADJAR,HAD,Racing Bulls
10022,7,Jack DOOHAN,DOO,Alpine
10022,10,Pierre GASLY,GAS,Alpine
10022,12,Kimi ANTONELLI,ANT,Mercedes
10022,14,Fernando ALONSO,ALO,Aston Martin
10022,16,Charles LECLERC,LEC,Ferrari
10022,18,Lance STROLL,STR,Aston Martin
10022,22,Yuki TSUNODA,TSU,Red Bull Racing
10022,23,Alexander ALBON,ALB,Williams
10022,27,Nico HULKENBERG,HUL,Kick Sauber
10022,30,Liam LAWSON,LAW,Racing Bulls
10022,31,Esteban OCON,OCO,Haas F1 Team
10022,44,Lewis HAMILTON,HAM,Ferrari
10022,55,Carlos SAINZ,SAI,Williams
10022,63,George RUSSELL,RUS,Mercedes
10022,81,Oscar PIASTRI,PIA,McLaren
10022,87,Oliver BEARMAN,BEA,Haas F1 Team
10033,1,Max VERSTAPPEN,VER,Red Bull Racing
10033,4,Lando NORRIS,NOR,McLaren
10033,5,Gabriel BORTOLETO,BOR,Kick Sauber
10033,6,Isack HADJAR,HAD,Racing Bulls
10033,7,Jack DOOHAN,DOO,Alpine
10033,10,Pierre GASLY,GAS,Alpine
10033,12,Kimi ANTONELLI,ANT,Mercedes
10033,14,Fernando ALONSO,ALO,Aston Martin
10033,16,Charles LECLERC,LEC,Ferrari
10033,18,Lance STROLL,STR,Aston Martin
10033,22,Yuki TSUNODA,TSU,Red Bull Racing
10033,23,Alexander ALBON,ALB,Williams
10033,27,Nico HULKENBERG,HUL,Kick Sauber
10033,30,Liam LAWSON,LAW,Racing Bulls
10033,31,Esteban OCON,OCO,Haas F1 Team
10033,44,Lewis HAMILTON,HAM,Ferrari
10033,55,Carlos SAINZ,SAI,Williams
10033,63,George RUSSELL,RUS,Mercedes
10033,81,Oscar PIASTRI,PIA,McLaren
10033,87,Oliver BEARMAN,BEA,Haas F1 Team
9987,1,Max VERSTAPPEN,VER,Red Bull Racing
9987,4,Lando NORRIS,NOR,McLaren
9987,5,Gabriel BORTOLETO,BOR,Kick Sauber
9987,6,Isack HADJAR,HAD,Racing Bulls
9987,10,Pierre GASLY,GAS,Alpine
9987,12,Kimi ANTONELLI,ANT,Mercedes
9987,14,Fernando ALONSO,ALO,Aston Martin
9987,16,Charles LECLERC,LEC,Ferrari
9987,18,Lance STROLL,STR,Aston Martin
9987,22,Yuki TSUNODA,TSU,Red Bull Racing
9987,23,Alexander ALBON,ALB,Williams
9987,27,Nico HULKENBERG,HUL,Kick Sauber
9987,30,Liam LAWSON,LAW,Racing Bulls
9987,31,Esteban OCON,OCO,Haas F1 Team
9987,43,Franco COLAPINTO,COL,Alpine
9987,44,Lewis HAMILTON,HAM,Ferrari
9987,55,Carlos SAINZ,SAI,Williams
9987,63,George RUSSELL,RUS,Mercedes
9987,81,Oscar PIASTRI,PIA,McLaren
9987,87,Oliver BEARMAN,BEA,Haas F1 Team
9979,1,Max VERSTAPPEN,VER,Red Bull Racing
9979,4,Lando NORRIS,NOR,McLaren
9979,5,Gabriel BORTOLETO,BOR,Kick Sauber
9979,6,Isack HADJAR,HAD,Racing Bulls
9979,10,Pierre GASLY,GAS,Alpine
9979,12,Kimi ANTONELLI,ANT,Mercedes
9979,14,Fernando ALONSO,ALO,Aston Martin
9979,16,Charles LECLERC,LEC,Ferrari
9979,18,Lance STROLL,STR,Aston Martin
9979,22,Yuki TSUNODA,TSU,Red Bull Racing
9979,23,Alexander ALBON,ALB,Williams
9979,27,Nico HULKENBERG,HUL,Kick Sauber
9979,30,Liam LAWSON,LAW,Racing Bulls
9979,31,Esteban OCON,OCO,Haas F1 Team
9979,43,Franco COLAPINTO,COL,Alpine
9979,44,Lewis HAMILTON,HAM,Ferrari
9979,55,Carlos SAINZ,SAI,Williams
9979,63,George RUSSELL,RUS,Mercedes
9979,81,Oscar PIASTRI,PIA,McLaren
9979,87,Oliver BEARMAN,BEA,Haas F1 Team
9971,1,Max VERSTAPPEN,VER,Red Bull Racing
9971,4,Lando NORRIS,NOR,McLaren
9971,5,Gabriel BORTOLETO,BOR,Kick Sauber
9971,6,Isack HADJAR,HAD,Racing Bulls
9971,10,Pierre GASLY,GAS,Alpine
9971,12,Kimi ANTONELLI,ANT,Mercedes
9971,14,Fernando ALONSO,ALO,Aston Martin
9971,16,Charles LECLERC,LEC,Ferrari
9971,22,Yuki TSUNODA,TSU,Red Bull Racing
9971,23,Alexander ALBON,ALB,Williams
9971,27,Nico HULKENBERG,HUL,Kick Sauber
9971,30,Liam LAWSON,LAW,Racing Bulls
9971,31,Esteban OCON,OCO,Haas F1 Team
9971,43,Franco COLAPINTO,COL,Alpine
9971,44,Lewis HAMILTON,HAM,Ferrari
9971,55,Carlos SAINZ,SAI,Williams
9971,63,George RUSSELL,RUS,Mercedes
9971,81,Oscar PIASTRI,PIA,McLaren
9971,87,Oliver BEARMAN,BEA,Haas F1 Team
9963,1,Max VERSTAPPEN,VER,Red Bull Racing
9963,4,Lando NORRIS,NOR,McLaren
9963,5,Gabriel BORTOLETO,BOR,Kick Sauber
9963,6,Isack HADJAR,HAD,Racing Bulls
9963,10,Pierre GASLY,GAS,Alpine
9963,12,Kimi ANTONELLI,ANT,Mercedes
9963,14,Fernando ALONSO,ALO,Aston Martin
9963,16,Charles LECLERC,LEC,Ferrari
9963,18,Lance STROLL,STR,Aston Martin
9963,22,Yuki TSUNODA,TSU,Red Bull Racing
9963,23,Alexander ALBON,ALB,Williams
9963,27,Nico HULKENBERG,HUL,Kick Sauber
9963,30,Liam LAWSON,LAW,Racing Bulls
9963,31,Esteban OCON,OCO,Haas F1 Team
9963,43,Franco COLAPINTO,COL,Alpine
9963,44,Lewis HAMILTON,HAM,Ferrari
9963,55,Carlos SAINZ,SAI,Williams
9963,63,George RUSSELL,RUS,Mercedes
9963,81,Oscar PIASTRI,PIA,McLaren
9963,87,Oliver BEARMAN,BEA,Haas F1 Team
9955,1,Max VERSTAPPEN,VER,Red Bull Racing
9955,4,Lando NORRIS,NOR,McLaren
9955,5,Gabriel BORTOLETO,BOR,Kick Sauber
9955,6,Isack HADJAR,HAD,Racing Bulls
9955,10,Pierre GASLY,GAS,Alpine
9955,12,Kimi ANTONELLI,ANT,Mercedes
9955,14,Fernando ALONSO,ALO,Aston Martin
9955,16,Charles LECLERC,LEC,Ferrari
9955,18,Lance STROLL,STR,Aston Martin
9955,22,Yuki TSUNODA,TSU,Red Bull Racing
9955,23,Alexander ALBON,ALB,Williams
9955,27,Nico HULKENBERG,HUL,Kick Sauber
9955,30,Liam LAWSON,LAW,Racing Bulls
9955,31,Esteban OCON,OCO,Haas F1 Team
9955,43,Franco COLAPINTO,COL,Alpine
9955,44,Lewis HAMILTON,HAM,Ferrari
9955,55,Carlos SAINZ,SAI,Williams
9955,63,George RUSSELL,RUS,Mercedes
9955,81,Oscar PIASTRI,PIA,McLaren
9955,87,Oliver BEARMAN,BEA,Haas F1 Team
9947,1,Max VERSTAPPEN,VER,Red Bull Racing
9947,4,Lando NORRIS,NOR,McLaren
9947,5,Gabriel BORTOLETO,BOR,Kick Sauber
9947,6,Isack HADJAR,HAD,Racing Bulls
9947,10,Pierre GASLY,GAS,Alpine
9947,12,Kimi ANTONELLI,ANT,Mercedes
9947,14,Fernando ALONSO,ALO,Aston Martin
9947,16,Charles LECLERC,LEC,Ferrari
9947,18,Lance STROLL,STR,Aston Martin
9947,22,Yuki TSUNODA,TSU,Red Bull Racing
9947,23,Alexander ALBON,ALB,Williams
9947,27,Nico HULKENBERG,HUL,Kick Sauber
9947,30,Liam LAWSON,LAW,Racing Bulls
9947,31,Esteban OCON,OCO,Haas F1 Team
9947,43,Franco COLAPINTO,COL,Alpine
9947,44,Lewis HAMILTON,HAM,Ferrari
9947,55,Carlos SAINZ,SAI,Williams
9947,63,George RUSSELL,RUS,Mercedes
9947,81,Oscar PIASTRI,PIA,McLaren
9947,87,Oliver BEARMAN,BEA,Haas F1 Team
9939,1,Max VERSTAPPEN,VER,Red Bull Racing
9939,4,Lando NORRIS,NOR,McLaren
9939,5,Gabriel BORTOLETO,BOR,Kick Sauber
9939,6,Isack HADJAR,HAD,Racing Bulls
9939,10,Pierre GASLY,GAS,Alpine
9939,12,Kimi ANTONELLI,ANT,Mercedes
9939,14,Fernando ALONSO,ALO,Aston Martin
9939,16,Charles LECLERC,LEC,Ferrari
9939,18,Lance STROLL,STR,Aston Martin
9939,22,Yuki TSUNODA,TSU,Red Bull Racing
9939,23,Alexander ALBON,ALB,Williams
9939,27,Nico HULKENBERG,HUL,Kick Sauber
9939,30,Liam LAWSON,LAW,Racing Bulls
9939,31,Esteban OCON,OCO,Haas F1 Team
9939,43,Franco COLAPINTO,COL,Alpine
9939,44,Lewis HAMILTON,HAM,Ferrari
9939,55,Carlos SAINZ,SAI,Williams
9939,63,George RUSSELL,RUS,Mercedes
9939,81,Oscar PIASTRI,PIA,McLaren
9939,87,Oliver BEARMAN,BEA,Haas F1 Team
9928,1,Max VERSTAPPEN,VER,Red Bull Racing
9928,4,Lando NORRIS,NOR,McLaren
9928,5,Gabriel BORTOLETO,BOR,Kick Sauber
9928,6,Isack HADJAR,HAD,Racing Bulls
9928,10,Pierre GASLY,GAS,Alpine
9928,12,Kimi ANTONELLI,ANT,Mercedes
9928,14,Fernando ALONSO,ALO,Aston Martin
9928,16,Charles LECLERC,LEC,Ferrari
9928,18,Lance STROLL,STR,Aston Martin
9928,22,Yuki TSUNODA,TSU,Red Bull Racing
9928,23,Alexander ALBON,ALB,Williams
9928,27,Nico HULKENBERG,HUL,Kick Sauber
9928,30,Liam LAWSON,LAW,Racing Bulls
9928,31,Esteban OCON,OCO,Haas F1 Team
9928,43,Franco COLAPINTO,COL,Alpine
9928,44,Lewis HAMILTON,HAM,Ferrari
9928,55,Carlos SAINZ,SAI,Williams
9928,63,George RUSSELL,RUS,Mercedes
9928,81,Oscar PIASTRI,PIA,McLaren
9928,87,Oliver BEARMAN,BEA,Haas F1 Team
9920,1,Max VERSTAPPEN,VER,Red Bull Racing
9920,4,Lando NORRIS,NOR,McLaren
9920,5,Gabriel BORTOLETO,BOR,Kick Sauber
9920,6,Isack HADJAR,HAD,Racing Bulls
9920,10,Pierre GASLY,GAS,Alpine
9920,12,Kimi ANTONELLI,ANT,Mercedes
9920,14,Fernando ALONSO,ALO,Aston Martin
9920,16,Charles LECLERC,LEC,Ferrari
9920,18,Lance STROLL,STR,Aston Martin
9920,22,Yuki TSUNODA,TSU,Red Bull Racing
9920,23,Alexander ALBON,ALB,Williams
9920,27,Nico HULKENBERG,HUL,Kick Sauber
9920,30,Liam LAWSON,LAW,Racing Bulls
9920,31,Esteban OCON,OCO,Haas F1 Team
9920,43,Franco COLAPINTO,COL,Alpine
9920,44,Lewis HAMILTON,HAM,Ferrari
9920,55,Carlos SAINZ,SAI,Williams
9920,63,George RUSSELL,RUS,Mercedes
9920,81,Oscar PIASTRI,PIA,McLaren
9920,87,Oliver BEARMAN,BEA,Haas F1 Team
9912,1,Max VERSTAPPEN,VER,Red Bull Racing
9912,4,Lando NORRIS,NOR,McLaren
9912,5,Gabriel BORTOLETO,BOR,Kick Sauber
9912,6,Isack HADJAR,HAD,Racing Bulls
9912,10,Pierre GASLY,GAS,Alpine
9912,12,Kimi ANTONELLI,ANT,Mercedes
9912,14,Fernando ALONSO,ALO,Aston Martin
9912,16,Charles LECLERC,LEC,Ferrari
9912,18,Lance STROLL,STR,Aston Martin
9912,22,Yuki TSUNODA,TSU,Red Bull Racing
9912,23,Alexander ALBON,ALB,Williams
9912,27,Nico HULKENBERG,HUL,Kick Sauber
9912,30,Liam LAWSON,LAW,Racing Bulls
9912,31,Esteban OCON,OCO,Haas F1 Team
9912,43,Franco COLAPINTO,COL,Alpine
9912,44,Lewis HAMILTON,HAM,Ferrari
9912,55,Carlos SAINZ,SAI,Williams
9912,63,George RUSSELL,RUS,Mercedes
9912,81,Oscar PIASTRI,PIA,McLaren
9912,87,Oliver BEARMAN,BEA,Haas F1 Team
9904,1,Max VERSTAPPEN,VER,Red Bull Racing
9904,4,Lando NORRIS,NOR,McLaren
9904,5,Gabriel BORTOLETO,BOR,Kick Sauber
9904,6,Isack HADJAR,HAD,Racing Bulls
9904,10,Pierre GASLY,GAS,Alpine
9904,12,Kimi ANTONELLI,ANT,Mercedes
9904,14,Fernando ALONSO,ALO,Aston Martin
9904,16,Charles LECLERC,LEC,Ferrari
9904,18,Lance STROLL,STR,Aston Martin
9904,22,Yuki TSUNODA,TSU,Red Bull Racing
9904,23,Alexander ALBON,ALB,Williams
9904,27,Nico HULKENBERG,HUL,Kick Sauber
9904,30,Liam LAWSON,LAW,Racing Bulls
9904,31,Esteban OCON,OCO,Haas F1 Team
9904,43,Franco COLAPINTO,COL,Alpine
9904,44,Lewis HAMILTON,HAM,Ferrari
9904,55,Carlos SAINZ,SAI,Williams
9904,63,George RUSSELL,RUS,Mercedes
9904,81,Oscar PIASTRI,PIA,McLaren
9904,87,Oliver BEARMAN,BEA,Haas F1 Team
9896,1,Max VERSTAPPEN,VER,Red Bull Racing
9896,4,Lando NORRIS,NOR,McLaren
9896,5,Gabriel BORTOLETO,BOR,Kick Sauber
9896,6,Isack HADJAR,HAD,Racing Bulls
9896,10,Pierre GASLY,GAS,Alpine
9896,12,Kimi ANTONELLI,ANT,Mercedes
9896,14,Fernando ALONSO,ALO,Aston Martin
9896,16,Charles LECLERC,LEC,Ferrari
9896,18,Lance STROLL,STR,Aston Martin
9896,22,Yuki TSUNODA,TSU,Red Bull Racing
9896,23,Alexander ALBON,ALB,Williams
9896,27,Nico HULKENBERG,HUL,Kick Sauber
9896,30,Liam LAWSON,LAW,Racing Bulls
9896,31,Esteban OCON,OCO,Haas F1 Team
9896,43,Franco COLAPINTO,COL,Alpine
9896,44,Lewis HAMILTON,HAM,Ferrari
9896,55,Carlos SAINZ,SAI,Williams
9896,63,George RUSSELL,RUS,Mercedes
9896,81,Oscar PIASTRI,PIA,McLaren
9896,87,Oliver BEARMAN,BEA,Haas F1 Team
9888,1,Max VERSTAPPEN,VER,Red Bull Racing
9888,4,Lando NORRIS,NOR,McLaren
9888,5,Gabriel BORTOLETO,BOR,Kick Sauber
9888,6,Isack HADJAR,HAD,Racing Bulls
9888,10,Pierre GASLY,GAS,Alpine
9888,12,Kimi ANTONELLI,ANT,Mercedes
9888,14,Fernando ALONSO,ALO,Aston Martin
9888,16,Charles LECLERC,LEC,Ferrari
9888,18,Lance STROLL,STR,Aston Martin
9888,22,Yuki TSUNODA,TSU,Red Bull Racing
9888,23,Alexander ALBON,ALB,Williams
9888,27,Nico HULKENBERG,HUL,Kick Sauber
9888,30,Liam LAWSON,LAW,Racing Bulls
9888,31,Esteban OCON,OCO,Haas F1 Team
9888,43,Franco COLAPINTO,COL,Alpine
9888,44,Lewis HAMILTON,HAM,Ferrari
9888,55,Carlos SAINZ,SAI,Williams
9888,63,George RUSSELL,RUS,Mercedes
9888,81,Oscar PIASTRI,PIA,McLaren
9888,87,Oliver BEARMAN,BEA,Haas F1 Team
9877,1,Max VERSTAPPEN,VER,Red Bull Racing
9877,4,Lando NORRIS,NOR,McLaren
9877,5,Gabriel BORTOLETO,BOR,Kick Sauber
9877,6,Isack HADJAR,HAD,Racing Bulls
9877,10,Pierre GASLY,GAS,Alpine
9877,12,Kimi ANTONELLI,ANT,Mercedes
9877,14,Fernando ALONSO,ALO,Aston Martin
9877,16,Charles LECLERC,LEC,Ferrari
9877,18,Lance STROLL,STR,Aston Martin
9877,22,Yuki TSUNODA,TSU,Red Bull Racing
9877,23,Alexander ALBON,ALB,Williams
9877,27,Nico HULKENBERG,HUL,Kick Sauber
9877,30,Liam LAWSON,LAW,Racing Bulls
9877,31,Esteban OCON,OCO,Haas F1 Team
9877,43,Franco COLAPINTO,COL,Alpine
9877,44,Lewis HAMILTON,HAM,Ferrari
9877,55,Carlos SAINZ,SAI,Williams
9877,63,George RUSSELL,RUS,Mercedes
9877,81,Oscar PIASTRI,PIA,McLaren
9877,87,Oliver BEARMAN,BEA,Haas F1 Team
9869,1,Max VERSTAPPEN,VER,Red Bull Racing
9869,4,Lando NORRIS,NOR,McLaren
9869,5,Gabriel BORTOLETO,BOR,Kick Sauber
9869,6,Isack HADJAR,HAD,Racing Bulls
9869,10,Pierre GASLY,GAS,Alpine
9869,12,Kimi ANTONELLI,ANT,Mercedes
9869,14,Fernando ALONSO,ALO,Aston Martin
9869,16,Charles LECLERC,LEC,Ferrari
9869,18,Lance STROLL,STR,Aston Martin
9869,22,Yuki TSUNODA,TSU,Red Bull Racing
9869,23,Alexander ALBON,ALB,Williams
9869,27,Nico HULKENBERG,HUL,Kick Sauber
9869,30,Liam LAWSON,LAW,Racing Bulls
9869,31,Esteban OCON,OCO,Haas F1 Team
9869,43,Franco COLAPINTO,COL,Alpine
9869,44,Lewis HAMILTON,HAM,Ferrari
9869,55,Carlos SAINZ,SAI,Williams
9869,63,George RUSSELL,RUS,Mercedes
9869,81,Oscar PIASTRI,PIA,McLaren
9869,87,Oliver BEARMAN,BEA,Haas F1 Team
9858,1,Max VERSTAPPEN,VER,Red Bull Racing
9858,4,Lando NORRIS,NOR,McLaren
9858,5,Gabriel BORTOLETO,BOR,Kick Sauber
9858,6,Isack HADJAR,HAD,Racing Bulls
9858,10,Pierre GASLY,GAS,Alpine
9858,12,Kimi ANTONELLI,ANT,Mercedes
9858,14,Fernando ALONSO,ALO,Aston Martin
9858,16,Charles LECLERC,LEC,Ferrari
9858,18,Lance STROLL,STR,Aston Martin
9858,22,Yuki TSUNODA,TSU,Red Bull Racing
9858,23,Alexander ALBON,ALB,Williams
9858,27,Nico HULKENBERG,HUL,Kick Sauber
9858,30,Liam LAWSON,LAW,Racing Bulls
9858,31,Esteban OCON,OCO,Haas F1 Team
9858,43,Franco COLAPINTO,COL,Alpine
9858,44,Lewis HAMILTON,HAM,Ferrari
9858,55,Carlos SAINZ,SAI,Williams
9858,63,George RUSSELL,RUS,Mercedes
9858,81,Oscar PIASTRI,PIA,McLaren
9858,87,Oliver BEARMAN,BEA,Haas F1 Team
9850,1,Max VERSTAPPEN,VER,Red Bull Racing
9850,4,Lando NORRIS,NOR,McLaren
9850,5,Gabriel BORTOLETO,BOR,Kick Sauber
9850,6,Isack HADJAR,HAD,Racing Bulls
9850,10,Pierre GASLY,GAS,Alpine
9850,12,Kimi ANTONELLI,ANT,Mercedes
9850,14,Fernando ALONSO,ALO,Aston Martin
9850,16,Charles LECLERC,LEC,Ferrari
9850,18,Lance STROLL,STR,Aston Martin
9850,22,Yuki TSUNODA,TSU,Red Bull Racing
9850,23,Alexander ALBON,ALB,Williams
9850,27,Nico HULKENBERG,HUL,Kick Sauber
9850,30,Liam LAWSON,LAW,Racing Bulls
9850,31,Esteban OCON,OCO,Haas F1 Team
9850,43,Franco COLAPINTO,COL,Alpine
9850,44,Lewis HAMILTON,HAM,Ferrari
9850,55,Carlos SAINZ,SAI,Williams
9850,63,George RUSSELL,RUS,Mercedes
9850,81,Oscar PIASTRI,PIA,McLaren
9850,87,Oliver BEARMAN,BEA,Haas F1 Team
9839,1,Max VERSTAPPEN,VER,Red Bull Racing
9839,4,Lando NORRIS,NOR,McLaren
9839,5,Gabriel BORTOLETO,BOR,Kick Sauber
9839,6,Isack HADJAR,HAD,Racing Bulls
9839,10,Pierre GASLY,GAS,Alpine
9839,12,Kimi ANTONELLI,ANT,Mercedes
9839,14,Fernando ALONSO,ALO,Aston Martin
9839,16,Charles LECLERC,LEC,Ferrari
9839,18,Lance STROLL,STR,Aston Martin
9839,22,Yuki TSUNODA,TSU,Red Bull Racing
9839,23,Alexander ALBON,ALB,Williams
9839,27,Nico HULKENBERG,HUL,Kick Sauber
9839,30,Liam LAWSON,LAW,Racing Bulls
9839,31,Esteban OCON,OCO,Haas F1 Team
9839,43,Franco COLAPINTO,COL,Alpine
9839,44,Lewis HAMILTON,HAM,Ferrari
9839,55,Carlos SAINZ,SAI,Williams
9839,63,George RUSSELL,RUS,Mercedes
9839,81,Oscar PIASTRI,PIA,McLaren
9839,87,Oliver BEARMAN,BEA,Haas F1 Team
