session_key,meeting_key,driver_number,position,number_of_laps,dnf,dns,dsq,gap_to_leader,best_time
7768,1141,1,1.0,15,False,False,False,"[0.302, 0.221, 0.0]",89.708
7768,1141,11,2.0,15,False,False,False,"[0.486, 0.464, 0.138]",89.846
7768,1141,16,3.0,17,False,False,False,"[0.101, 0.0, 0.292]",90.0
7768,1141,55,4.0,18,False,False,False,"[0.0, 0.233, 0.446]",90.154
7768,1141,14,5.0,15,False,False,False,"[0.165, 0.363, 0.628]",90.336
7768,1141,63,6.0,15,False,False,False,"[0.064, 0.225, 0.632]",90.34
7768,1141,44,7.0,15,False,False,False,"[0.55, 0.231, 0.676]",90.384
7768,1141,18,8.0,18,False,False,False,"[0.191, 0.845, 1.128]",90.836
7768,1141,31,9.0,15,False,False,False,"[0.515, 0.632, 1.276]",90.914
7768,1141,27,10.0,17,True,False,False,"[0.211, 0.527, None]",90.809
7768,1141,4,11.0,13,False,False,False,"[0.659, 1.099, None]",91.381
7768,1141,77,12.0,12,False,False,False,"[0.511, 1.161, None]",91.443
7768,1141,24,13.0,12,False,False,False,"[0.622, 1.191, None]",91.473
7768,1141,22,14.0,15,False,False,False,"[0.407, 2.228, None]",91.4
7768,1141,23,15.0,8,True,False,False,"[0.468, None, None]",91.461
7768,1141,2,16.0,6,False,False,False,"[0.659, None, None]",91.652
7768,1141,20,17.0,6,False,False,False,"[0.899, None, None]",91.892
7768,1141,81,18.0,7,False,False,False,"[1.108, None, None]",92.101
7768,1141,21,19.0,9,False,False,False,"[1.128, None, None]",92.121
7768,1141,10,20.0,6,False,False,False,"[1.188, None, None]",92.181
7775,1142,11,1.0,18,False,False,False,"[0.483, 0.0, 0.0]",88.265
7775,1142,16,2.0,19,False,False,False,"[0.615, 0.268, 0.155]",88.42
7775,1142,14,3.0,18,False,False,False,"[0.537, 0.122, 0.465]",88.73
7775,1142,63,4.0,21,False,False,False,"[0.831, 0.497, 0.592]",88.857
7775,1142,55,5.0,24,False,False,False,"[0.65, 0.322, 0.666]",88.931
7775,1142,18,6.0,20,False,False,False,"[0.574, 0.327, 0.68]",88.945
7775,1142,31,7.0,24,False,False,False,"[0.946, 0.62, 0.813]",89.078
7775,1142,44,8.0,21,False,False,False,"[0.928, 0.739, 0.958]",89.223
7775,1142,81,9.0,23,False,False,False,"[0.945, 0.743, 0.978]",89.243
7775,1142,10,10.0,23,False,False,False,"[1.129, 0.776, 1.092]",89.357
7775,1142,27,11.0,18,False,False,False,"[0.786, 0.816, None]",89.451
7775,1142,24,12.0,18,False,False,False,"[0.893, 0.826, None]",89.461
7775,1142,20,13.0,17,False,False,False,"[0.983, 0.999, None]",89.634
7775,1142,77,14.0,18,False,False,False,"[1.168, 1.033, None]",89.668
7775,1142,1,15.0,6,False,False,False,"[0.0, 21.318, None]",88.761
7775,1142,22,16.0,10,False,False,False,"[1.178, None, None]",89.939
7775,1142,23,17.0,9,False,False,False,"[1.233, None, None]",89.994
7775,1142,21,18.0,10,False,False,False,"[1.483, None, None]",90.244
7775,1142,4,19.0,4,False,False,False,"[1.686, None, None]",90.447
7775,1142,2,,8,False,False,False,"[39.749, None, None]",128.51
7783,1143,1,1.0,24,False,False,False,"[0.0, 0.0, 0.0]",76.732
7783,1143,63,2.0,29,False,False,False,"[0.27, 0.457, 0.236]",76.968
7783,1143,44,3.0,28,False,False,False,"[0.305, 0.495, 0.372]",77.104
7783,1143,14,4.0,26,False,False,False,"[0.448, 0.227, 0.407]",77.139
7783,1143,55,5.0,28,False,False,False,"[0.544, 0.293, 0.538]",77.27
7783,1143,18,6.0,26,False,False,False,"[0.489, 0.56, 0.576]",77.308
7783,1143,16,7.0,25,False,False,False,"[0.834, 0.334, 0.637]",77.369
7783,1143,23,8.0,27,False,False,False,"[0.578, 0.705, 0.877]",77.609
7783,1143,10,9.0,25,False,False,False,"[0.928, 0.518, 0.943]",77.574
7783,1143,27,10.0,26,False,False,False,"[0.645, 0.356, 1.003]",77.412
7783,1143,31,11.0,18,False,False,False,"[0.386, 0.712, None]",77.768
7783,1143,22,12.0,22,False,False,False,"[1.087, 1.043, None]",78.099
7783,1143,4,13.0,24,False,False,False,"[0.859, 1.063, None]",78.119
7783,1143,20,14.0,18,False,False,False,"[0.775, 1.073, None]",78.129
7783,1143,21,15.0,23,False,False,False,"[1.066, 1.279, None]",78.335
7783,1143,81,16.0,12,False,False,False,"[1.133, None, None]",78.517
7783,1143,24,17.0,12,False,False,False,"[1.156, None, None]",78.54
7783,1143,2,18.0,12,False,False,False,"[1.173, None, None]",78.557
7783,1143,77,19.0,12,False,False,False,"[1.33, None, None]",78.714
7783,1143,11,,2,True,False,False,"[None, None, None]",
9064,1207,16,1.0,21,False,False,False,"[0.0, 0.215, 0.0]",100.203
9064,1207,1,2.0,20,False,False,False,"[0.129, 0.0, 0.188]",100.391
9064,1207,11,3.0,21,False,False,False,"[0.487, 0.309, 0.292]",100.495
9064,1207,55,4.0,24,False,False,False,"[0.928, 0.547, 0.813]",101.016
9064,1207,44,5.0,24,False,False,False,"[0.844, 0.828, 0.974]",101.177
9064,1207,14,6.0,23,False,False,False,"[0.451, 0.548, 1.05]",101.253
9064,1207,4,7.0,20,False,False,False,"[0.885, 0.663, 1.078]",101.281
9064,1207,22,8.0,23,False,False,False,"[0.965, 0.747, 1.378]",101.569
9064,1207,18,9.0,23,False,False,False,"[1.255, 0.754, 1.408]",101.576
9064,1207,81,10.0,24,False,False,False,"[1.186, 0.814, 1.408]",101.611
9064,1207,63,11.0,18,False,False,False,"[0.804, 0.832, None]",101.654
9064,1207,31,12.0,19,False,False,False,"[1.353, 0.976, None]",101.798
9064,1207,23,13.0,19,False,False,False,"[0.902, 0.996, None]",101.818
9064,1207,77,14.0,19,False,False,False,"[1.313, 1.437, None]",102.259
9064,1207,2,15.0,19,False,False,False,"[0.973, 1.573, None]",102.242
9064,1207,24,16.0,11,False,False,False,"[1.373, None, None]",102.642
9064,1207,27,17.0,10,False,False,False,"[1.486, None, None]",102.755
9064,1207,20,18.0,9,False,False,False,"[2.148, None, None]",103.417
9064,1207,10,19.0,6,False,False,False,"[3.584, None, None]",104.853
9064,1207,21,,3,False,False,False,"[14.013, None, None]",115.282
9074,1208,11,1.0,20,False,False,False,"[0.35, 0.514, 0.0]",86.841
9074,1208,14,2.0,19,False,False,False,"[0.816, 0.283, 0.361]",87.097
9074,1208,55,3.0,18,False,False,False,"[0.323, 0.334, 0.508]",87.148
9074,1208,20,4.0,19,False,False,False,"[0.446, 0.859, 0.926]",87.673
9074,1208,10,5.0,20,False,False,False,"[0.698, 0.798, 0.945]",87.612
9074,1208,63,6.0,20,False,False,False,"[0.723, 0.929, 0.963]",87.743
9074,1208,16,7.0,19,False,False,False,"[0.35, 0.15, 1.02]",86.964
9074,1208,31,8.0,20,False,False,False,"[0.509, 0.63, 1.094]",87.444
9074,1208,1,9.0,15,True,False,False,"[0.0, 0.0, None]",86.814
9074,1208,77,10.0,15,False,True,False,"[0.501, 0.75, None]",87.564
9074,1208,23,11.0,15,False,False,False,"[0.871, 0.981, None]",87.795
9074,1208,27,12.0,15,False,False,False,"[0.582, 1.089, None]",87.903
9074,1208,44,13.0,15,False,False,False,"[0.483, 1.161, None]",87.846
9074,1208,24,14.0,17,False,False,False,"[0.817, 1.277, None]",88.091
9074,1208,21,15.0,16,False,False,False,"[0.962, 1.581, None]",88.325
9074,1208,4,16.0,8,False,False,False,"[1.031, None, None]",88.394
9074,1208,22,17.0,10,False,False,False,"[1.066, None, None]",88.429
9074,1208,18,18.0,8,False,False,False,"[1.113, None, None]",88.476
9074,1208,81,19.0,9,False,False,False,"[1.121, None, None]",88.484
9074,1208,2,20.0,10,False,False,False,"[1.214, None, None]",88.577
9090,1210,1,1.0,30,False,False,False,"[0.0, 0.0, 0.0]",71.365
9090,1210,14,2.0,25,False,False,False,"[0.5, 0.199, 0.084]",71.449
9090,1210,16,3.0,26,False,False,False,"[0.526, 0.195, 0.106]",71.471
9090,1210,31,4.0,26,False,False,False,"[0.581, 0.34, 0.188]",71.553
9090,1210,55,5.0,28,False,False,False,"[0.331, 0.302, 0.265]",71.63
9090,1210,44,6.0,30,False,False,False,"[0.486, 0.248, 0.36]",71.725
9090,1210,10,7.0,25,False,False,False,"[0.647, 0.261, 0.568]",71.933
9090,1210,63,8.0,29,False,False,False,"[0.383, 0.243, 0.599]",71.964
9090,1210,22,9.0,29,False,False,False,"[0.256, 0.341, 0.717]",72.082
9090,1210,4,10.0,23,False,False,False,"[0.491, 0.469, 0.889]",72.254
9090,1210,81,11.0,22,False,False,False,"[0.62, 0.487, None]",72.395
9090,1210,21,12.0,20,False,False,False,"[0.668, 0.52, None]",72.428
9090,1210,23,13.0,19,False,False,False,"[0.32, 0.619, None]",72.527
9090,1210,18,14.0,19,False,False,False,"[0.336, 0.715, None]",72.623
9090,1210,77,15.0,22,False,False,False,"[0.652, 0.717, None]",72.625
9090,1210,2,16.0,13,False,False,False,"[0.727, None, None]",73.113
9090,1210,20,17.0,9,False,False,False,"[0.884, None, None]",73.27
9090,1210,27,18.0,8,False,False,False,"[0.893, None, None]",73.279
9090,1210,24,19.0,13,False,False,False,"[1.137, None, None]",73.523
9090,1210,11,20.0,4,False,False,False,"[1.464, None, None]",73.85
9098,1211,1,1.0,20,False,False,False,"[0.678, 0.0, 0.0]",72.272
9098,1211,55,2.0,22,False,False,False,"[0.474, 0.03, 0.462]",72.734
9098,1211,4,3.0,22,False,False,False,"[0.358, 0.016, 0.52]",72.776
9098,1211,10,4.0,21,False,False,False,"[0.534, 0.426, 0.544]",72.816
9098,1211,44,5.0,23,False,False,False,"[0.0, 0.239, 0.546]",72.818
9098,1211,18,6.0,23,False,False,False,"[0.829, 0.322, 0.722]",72.994
9098,1211,31,7.0,21,False,False,False,"[0.496, 0.241, 0.811]",73.001
9098,1211,27,8.0,18,False,False,False,"[0.483, 0.523, 0.957]",73.229
9098,1211,14,9.0,18,False,False,False,"[0.81, 0.338, 1.235]",73.098
9098,1211,81,10.0,20,False,False,False,"[0.754, 0.299, 1.41]",73.059
9098,1211,11,11.0,17,False,False,False,"[0.937, 0.574, None]",73.334
9098,1211,63,12.0,18,False,False,False,"[0.389, 0.687, None]",73.326
9098,1211,24,13.0,16,False,False,False,"[0.74, 0.761, None]",73.521
9098,1211,21,14.0,16,False,False,False,"[0.644, 1.323, None]",73.581
9098,1211,22,15.0,19,False,False,False,"[0.925, 1.717, None]",73.862
9098,1211,77,16.0,10,False,False,False,"[1.04, None, None]",73.977
9098,1211,20,17.0,9,False,False,False,"[1.105, None, None]",74.042
9098,1211,23,18.0,8,False,False,False,"[1.126, None, None]",74.063
9098,1211,16,19.0,10,False,False,False,"[1.142, None, None]",74.079
9098,1211,2,20.0,6,False,False,False,"[1.762, None, None]",74.699
9106,1212,1,1.0,26,False,False,False,"[0.0, 0.367, 0.0]",79.092
9106,1212,27,2.0,25,False,False,False,"[1.879, 1.58, 1.244]",80.305
9106,1212,14,3.0,25,False,False,False,"[0.63, 1.051, 1.428]",79.776
9106,1212,44,4.0,26,False,False,False,"[0.703, 1.701, 1.769]",80.426
9106,1212,63,5.0,25,False,False,False,"[0.947, 1.373, 2.035]",80.098
9106,1212,31,6.0,25,False,False,False,"[1.263, 1.681, 2.087]",80.406
9106,1212,4,7.0,26,False,False,False,"[1.147, 0.622, 2.188]",79.347
9106,1212,55,8.0,26,False,False,False,"[1.397, 1.131, 3.436]",79.856
9106,1212,81,9.0,24,False,False,False,"[1.339, 0.934, 5.491]",79.659
9106,1212,23,10.0,24,True,False,False,"[1.087, 0.0, None]",78.725
9106,1212,16,11.0,22,False,False,False,"[0.992, 1.89, None]",80.615
9106,1212,11,12.0,23,False,False,False,"[1.3, 2.234, None]",80.959
9106,1212,18,13.0,20,False,False,False,"[1.826, 2.759, None]",81.484
9106,1212,20,14.0,21,False,False,False,"[1.5, 2.953, None]",81.678
9106,1212,77,15.0,24,False,False,False,"[1.481, 3.096, None]",81.821
9106,1212,22,16.0,11,False,False,False,"[1.895, None, None]",82.746
9106,1212,10,17.0,11,False,False,False,"[2.035, None, None]",82.886
9106,1212,21,18.0,12,False,False,False,"[2.286, None, None]",83.137
9106,1212,2,19.0,14,False,False,False,"[2.486, None, None]",83.337
9106,1212,24,20.0,11,False,False,False,"[2.491, None, None]",83.342
9112,1213,1,1.0,24,False,False,False,"[0.0, 0.0, 0.0]",64.391
9112,1213,16,2.0,26,False,False,False,"[0.461, 0.136, 0.048]",64.439
9112,1213,55,3.0,25,False,False,False,"[0.223, 0.024, 0.19]",64.581
9112,1213,4,4.0,23,False,False,False,"[0.501, 0.087, 0.267]",64.658
9112,1213,44,5.0,25,False,False,False,"[0.557, 0.237, 0.428]",64.819
9112,1213,18,6.0,25,False,False,False,"[0.594, 0.17, 0.502]",64.893
9112,1213,14,7.0,27,False,False,False,"[0.539, 0.23, 0.52]",64.911
9112,1213,27,8.0,24,False,False,False,"[0.624, 0.411, 0.699]",65.09
9112,1213,10,9.0,21,False,False,False,"[0.399, 0.357, 0.779]",65.17
9112,1213,23,10.0,21,False,False,False,"[0.557, 0.436, 1.432]",65.387
9112,1213,63,11.0,21,False,False,False,"[0.57, 0.477, None]",65.428
9112,1213,31,12.0,15,False,False,False,"[0.613, 0.502, None]",65.453
9112,1213,81,13.0,19,False,False,False,"[0.567, 0.654, None]",65.605
9112,1213,77,14.0,14,False,False,False,"[0.647, 0.729, None]",65.68
9112,1213,11,15.0,19,False,False,False,"[0.061, 61.737, None]",65.177
9112,1213,22,16.0,10,False,False,False,"[0.668, None, None]",65.784
9112,1213,24,17.0,9,False,False,False,"[0.702, None, None]",65.818
9112,1213,2,18.0,9,False,False,False,"[0.832, None, None]",65.948
9112,1213,20,19.0,10,False,False,False,"[0.855, None, None]",65.971
9112,1213,21,20.0,10,False,False,False,"[0.858, None, None]",65.974
9122,1214,1,1.0,26,False,False,False,"[0.511, 0.0, 0.0]",86.72
9122,1214,4,2.0,26,False,False,False,"[0.0, 0.34, 0.241]",86.961
9122,1214,81,3.0,26,False,False,False,"[0.957, 0.143, 0.372]",87.092
9122,1214,16,4.0,25,False,False,False,"[0.226, 0.659, 0.416]",87.136
9122,1214,55,5.0,26,False,False,False,"[0.948, 0.563, 0.428]",87.148
9122,1214,63,6.0,24,False,False,False,"[0.495, 1.08, 0.435]",87.155
9122,1214,44,7.0,25,False,False,False,"[0.498, 0.843, 0.491]",87.211
9122,1214,23,8.0,25,False,False,False,"[0.549, 0.365, 0.81]",87.53
9122,1214,14,9.0,24,False,False,False,"[1.032, 0.666, 0.939]",87.659
9122,1214,10,10.0,24,False,False,False,"[0.616, 1.049, 0.969]",87.689
9122,1214,27,11.0,17,False,False,False,"[0.686, 1.194, None]",88.896
9122,1214,18,12.0,19,False,False,False,"[0.531, 1.233, None]",88.935
9122,1214,31,13.0,18,False,False,False,"[0.783, 1.254, None]",88.956
9122,1214,2,14.0,19,False,False,False,"[0.956, 1.329, None]",89.031
9122,1214,77,,11,False,False,False,"[0.881, None, None]",89.798
9122,1214,11,15.0,11,False,False,False,"[1.051, None, None]",89.968
9122,1214,22,16.0,11,False,False,False,"[1.108, None, None]",90.025
9122,1214,24,17.0,11,False,False,False,"[1.206, None, None]",90.123
9122,1214,21,18.0,11,False,False,False,"[1.596, None, None]",90.513
9122,1214,20,19.0,7,False,False,False,"[3.461, None, None]",92.378
9129,1215,44,1.0,20,False,False,False,"[0.434, 0.099, 0.0]",76.609
9129,1215,1,2.0,21,False,False,False,"[0.175, 0.219, 0.003]",76.612
9129,1215,4,3.0,20,False,False,False,"[0.554, 0.0, 0.085]",76.694
9129,1215,81,4.0,20,False,False,False,"[0.321, 0.243, 0.296]",76.905
9129,1215,24,5.0,22,False,False,False,"[0.0, 0.372, 0.362]",76.971
9129,1215,16,6.0,21,False,False,False,"[0.297, 0.252, 0.383]",76.992
9129,1215,77,7.0,20,False,False,False,"[0.632, 0.235, 0.425]",77.034
9129,1215,14,8.0,21,False,False,False,"[0.437, 0.373, 0.426]",77.035
9129,1215,11,9.0,23,False,False,False,"[0.217, 0.347, 0.436]",77.045
9129,1215,27,10.0,20,False,False,False,"[0.552, 0.324, 0.577]",77.186
9129,1215,55,11.0,15,False,False,False,"[0.25, 0.375, None]",77.703
9129,1215,31,12.0,16,False,False,False,"[0.711, 0.513, None]",77.841
9129,1215,3,13.0,15,False,False,False,"[0.763, 0.674, None]",78.002
9129,1215,18,14.0,18,False,False,False,"[0.639, 0.816, None]",78.144
9129,1215,10,15.0,16,False,False,False,"[0.6, 0.889, None]",78.217
9129,1215,23,16.0,8,False,False,False,"[0.774, None, None]",78.917
9129,1215,22,17.0,9,False,False,False,"[0.776, None, None]",78.919
9129,1215,63,18.0,9,False,False,False,"[0.884, None, None]",79.027
9129,1215,20,19.0,8,False,False,False,"[1.063, None, None]",79.206
9129,1215,2,20.0,8,False,False,False,"[1.105, None, None]",79.248
9145,1217,1,1.0,31,False,False,False,"[0.026, 0.0, 0.0]",70.567
9145,1217,4,2.0,30,False,False,False,"[0.337, 0.913, 0.537]",71.104
9145,1217,63,3.0,32,False,False,False,"[0.406, 0.764, 0.727]",71.294
9145,1217,23,4.0,32,False,False,False,"[0.0, 0.543, 0.852]",71.419
9145,1217,14,5.0,30,False,False,False,"[0.901, 0.573, 0.939]",71.506
9145,1217,55,6.0,32,False,False,False,"[0.382, 1.073, 1.187]",71.754
9145,1217,11,7.0,33,False,False,False,"[1.033, 1.0, 1.313]",71.88
9145,1217,81,8.0,31,False,False,False,"[0.292, 0.536, 1.371]",71.938
9145,1217,16,9.0,27,False,False,False,"[1.08, 0.744, 2.098]",72.665
9145,1217,2,10.0,27,False,False,False,"[1.097, 1.211, 6.181]",76.748
9145,1217,18,11.0,22,False,False,False,"[0.631, 1.265, None]",80.121
9145,1217,10,12.0,21,False,False,False,"[0.796, 1.272, None]",80.128
9145,1217,44,13.0,23,False,False,False,"[0.98, 1.295, None]",80.151
9145,1217,22,14.0,22,False,False,False,"[0.842, 1.374, None]",80.23
9145,1217,27,15.0,20,False,False,False,"[0.952, 1.394, None]",80.25
9145,1217,24,16.0,12,False,False,False,"[1.128, None, None]",82.067
9145,1217,31,17.0,12,False,False,False,"[1.171, None, None]",82.11
9145,1217,20,18.0,11,False,False,False,"[1.253, None, None]",82.192
9145,1217,77,19.0,12,False,False,False,"[1.321, None, None]",82.26
9145,1217,40,20.0,12,False,False,False,"[2.481, None, None]",83.42
9153,1218,55,1.0,20,False,False,False,"[0.392, 0.054, 0.0]",80.294
9153,1218,1,2.0,21,False,False,False,"[0.0, 0.0, 0.013]",80.307
9153,1218,16,3.0,21,False,False,False,"[0.215, 0.04, 0.067]",80.361
9153,1218,63,4.0,21,False,False,False,"[0.575, 0.445, 0.377]",80.671
9153,1218,11,5.0,21,False,False,False,"[0.338, 0.303, 0.394]",80.688
9153,1218,23,6.0,21,False,False,False,"[0.088, 0.335, 0.466]",80.76
9153,1218,81,7.0,24,False,False,False,"[0.533, 0.59, 0.491]",80.785
9153,1218,44,8.0,21,False,False,False,"[0.404, 0.432, 0.526]",80.82
9153,1218,4,9.0,23,False,False,False,"[0.422, 0.644, 0.685]",80.979
9153,1218,14,10.0,19,False,False,False,"[0.47, 0.606, 1.123]",81.417
9153,1218,22,11.0,15,False,False,False,"[0.279, 0.657, None]",81.594
9153,1218,40,12.0,15,False,False,False,"[0.539, 0.821, None]",81.758
9153,1218,27,13.0,16,False,False,False,"[0.77, 0.839, None]",81.776
9153,1218,77,14.0,14,False,False,False,"[0.676, 1.003, None]",81.94
9153,1218,2,15.0,15,False,False,False,"[0.357, 1.007, None]",81.93
9153,1218,24,16.0,8,False,False,False,"[0.817, None, None]",82.39
9153,1218,10,17.0,7,False,False,False,"[0.972, None, None]",82.545
9153,1218,31,18.0,8,False,False,False,"[0.975, None, None]",82.548
9153,1218,20,19.0,8,False,False,False,"[1.019, None, None]",82.592
9153,1218,18,20.0,9,False,False,False,"[1.287, None, None]",82.86
9161,1219,55,1.0,20,False,False,False,"[0.348, 0.0, 0.0]",90.984
9161,1219,63,2.0,17,False,False,False,"[0.34, 0.304, 0.072]",91.056
9161,1219,16,3.0,21,False,False,False,"[0.415, 0.573, 0.079]",91.063
9161,1219,4,4.0,20,False,False,False,"[0.492, 0.512, 0.286]",91.27
9161,1219,44,5.0,16,False,False,False,"[0.66, 0.58, 0.501]",91.485
9161,1219,20,6.0,21,False,False,False,"[0.251, 0.453, 0.591]",91.575
9161,1219,14,7.0,17,False,False,False,"[0.593, 0.396, 0.631]",91.615
9161,1219,31,8.0,18,False,False,False,"[0.378, 0.65, 0.689]",91.673
9161,1219,27,9.0,21,False,False,False,"[0.109, 0.555, 0.824]",91.808
9161,1219,40,10.0,21,False,False,False,"[0.224, 0.727, 1.284]",92.166
9161,1219,1,11.0,14,False,False,False,"[0.407, 0.734, None]",92.173
9161,1219,10,12.0,12,False,False,False,"[0.461, 0.835, None]",92.274
9161,1219,11,13.0,13,False,False,False,"[0.108, 0.871, None]",92.099
9161,1219,23,14.0,12,False,False,False,"[0.677, 2.28, None]",92.668
9161,1219,22,15.0,10,True,False,False,"[0.0, None, None]",91.991
9161,1219,77,16.0,9,False,False,False,"[0.818, None, None]",92.809
9161,1219,81,17.0,9,False,False,False,"[0.911, None, None]",92.902
9161,1219,2,18.0,9,False,False,False,"[1.261, None, None]",93.252
9161,1219,24,19.0,9,False,False,False,"[1.267, None, None]",93.258
9161,1219,18,20.0,8,False,False,False,"[1.406, None, None]",93.397
9169,1220,1,1.0,12,False,False,False,"[0.0, 0.024, 0.0]",88.877
9169,1220,81,2.0,14,False,False,False,"[0.561, 0.182, 0.581]",89.458
9169,1220,4,3.0,12,False,False,False,"[0.185, 0.356, 0.616]",89.493
9169,1220,16,4.0,14,False,False,False,"[0.515, 0.0, 0.665]",89.542
9169,1220,11,5.0,18,False,False,False,"[0.774, 0.025, 0.773]",89.65
9169,1220,55,6.0,14,False,False,False,"[0.773, 0.127, 0.973]",89.85
9169,1220,44,7.0,18,False,False,False,"[0.933, 0.1, 1.031]",89.908
9169,1220,63,8.0,15,False,False,False,"[0.933, 0.328, 1.342]",90.219
9169,1220,22,9.0,18,False,False,False,"[0.855, 0.264, 1.426]",90.204
9169,1220,14,10.0,15,False,False,False,"[1.093, 0.525, 1.683]",90.465
9169,1220,40,11.0,16,False,False,False,"[0.547, 0.568, None]",90.425
9169,1220,10,12.0,12,False,False,False,"[0.965, 0.569, None]",90.509
9169,1220,23,13.0,12,False,False,False,"[1.063, 0.597, None]",90.537
9169,1220,31,14.0,12,False,False,False,"[1.082, 0.646, None]",90.586
9169,1220,20,15.0,9,False,False,False,"[1.098, 0.725, None]",90.665
9169,1220,77,16.0,5,False,False,False,"[1.171, None, None]",91.049
9169,1220,18,17.0,7,False,False,False,"[1.303, None, None]",91.181
9169,1220,27,18.0,6,False,False,False,"[1.421, None, None]",91.299
9169,1220,24,19.0,6,False,False,False,"[1.52, None, None]",91.398
9169,1220,2,,2,True,False,False,"[None, None, None]",
9215,1221,1,1.0,19,False,False,False,"[0.0, 0.102, 0.0]",83.778
9215,1221,63,2.0,21,False,False,False,"[0.327, 0.446, 0.441]",84.219
9215,1221,44,3.0,20,False,False,False,"[1.069, 0.0, 0.527]",84.305
9215,1221,14,4.0,21,False,False,False,"[0.216, 0.86, 0.591]",84.369
9215,1221,16,5.0,26,False,False,False,"[0.445, 0.698, 0.646]",84.424
9215,1221,81,6.0,23,False,False,False,"[0.259, 0.343, 0.762]",84.54
9215,1221,10,7.0,23,False,False,False,"[0.559, 0.537, 0.775]",84.553
9215,1221,31,8.0,24,False,False,False,"[0.704, 0.547, 0.985]",84.763
9215,1221,77,9.0,21,False,False,False,"[1.031, 0.916, 1.28]",85.058
9215,1221,4,10.0,21,True,False,False,"[0.124, 0.304, None]",84.685
9215,1221,22,11.0,16,False,False,False,"[1.051, 0.92, None]",85.301
9215,1221,55,12.0,18,False,False,False,"[0.801, 0.947, None]",85.328
9215,1221,11,13.0,16,False,False,False,"[0.984, 1.081, None]",85.462
9215,1221,23,14.0,15,False,False,False,"[1.111, 1.326, None]",85.707
9215,1221,27,15.0,12,False,False,False,"[0.897, 1.402, None]",85.783
9215,1221,2,16.0,10,False,False,False,"[1.203, None, None]",86.21
9215,1221,18,17.0,10,False,False,False,"[1.338, None, None]",86.345
9215,1221,40,18.0,10,False,False,False,"[1.628, None, None]",86.635
9215,1221,20,19.0,9,False,False,False,"[2.039, None, None]",87.046
9215,1221,24,20.0,9,False,False,False,"[2.425, None, None]",87.432
9207,1222,16,1.0,21,False,False,False,"[0.97, 0.0, 0.0]",94.723
9207,1222,4,2.0,20,False,False,False,"[0.019, 0.437, 0.13]",94.853
9207,1222,44,3.0,18,False,False,False,"[0.0, 0.236, 0.139]",94.862
9207,1222,55,4.0,18,False,False,False,"[0.733, 0.298, 0.222]",94.945
9207,1222,63,5.0,18,False,False,False,"[1.074, 0.602, 0.356]",95.079
9207,1222,1,6.0,18,False,False,False,"[0.255, 0.004, 0.358]",95.008
9207,1222,10,7.0,19,False,False,False,"[1.067, 0.492, 0.366]",95.089
9207,1222,31,8.0,21,False,False,False,"[1.04, 0.409, 0.431]",95.154
9207,1222,11,9.0,17,False,False,False,"[0.898, 0.675, 0.45]",95.173
9207,1222,81,10.0,20,False,False,False,"[0.973, 0.572, 0.744]",95.467
9207,1222,22,11.0,12,False,False,False,"[0.822, 0.693, None]",95.697
9207,1222,24,12.0,15,False,False,False,"[0.961, 0.694, None]",95.698
9207,1222,77,13.0,15,False,False,False,"[0.991, 0.854, None]",95.858
9207,1222,20,14.0,12,False,False,False,"[0.918, 0.876, None]",95.88
9207,1222,3,15.0,12,False,False,False,"[1.122, 0.97, None]",95.974
9207,1222,27,16.0,6,False,False,False,"[1.144, None, None]",96.235
9207,1222,14,17.0,8,False,False,False,"[1.177, None, None]",96.268
9207,1222,23,18.0,6,False,False,False,"[1.224, None, None]",96.315
9207,1222,18,19.0,9,False,False,False,"[1.498, None, None]",96.589
9207,1222,2,20.0,8,False,False,False,"[1.736, None, None]",96.827
9177,1223,16,1.0,17,False,False,False,"[0.302, 0.33, 0.0]",77.166
9177,1223,55,2.0,17,False,False,False,"[0.656, 0.811, 0.067]",77.233
9177,1223,1,3.0,15,False,False,False,"[0.0, 0.054, 0.097]",77.263
9177,1223,3,4.0,15,False,False,False,"[0.242, 0.135, 0.216]",77.382
9177,1223,11,5.0,16,False,False,False,"[0.454, 0.553, 0.257]",77.423
9177,1223,44,6.0,18,False,False,False,"[0.578, 0.0, 0.288]",77.454
9177,1223,81,7.0,18,False,False,False,"[0.142, 0.303, 0.457]",77.623
9177,1223,63,8.0,19,False,False,False,"[0.794, 0.102, 0.508]",77.673
9177,1223,77,9.0,17,False,False,False,"[0.33, 0.445, 0.866]",78.016
9177,1223,24,10.0,15,False,False,False,"[0.917, 0.869, 0.884]",78.05
9177,1223,10,11.0,15,False,False,False,"[0.846, 0.95, None]",78.521
9177,1223,27,12.0,12,False,False,False,"[0.87, 0.953, None]",78.524
9177,1223,14,13.0,14,False,False,False,"[0.749, 1.167, None]",78.738
9177,1223,23,14.0,12,False,False,False,"[0.729, 1.576, None]",78.828
9177,1223,22,15.0,11,True,False,False,"[0.791, None, None]",78.89
9177,1223,31,16.0,6,False,False,False,"[0.981, None, None]",79.08
9177,1223,20,17.0,9,False,False,False,"[1.064, None, None]",79.163
9177,1223,18,18.0,9,False,False,False,"[1.128, None, None]",79.227
9177,1223,4,19.0,6,False,False,False,"[3.455, None, None]",81.554
9177,1223,2,,6,True,False,False,"[None, None, None]",
9304,1224,1,1.0,18,False,False,False,"[0.096, 0.141, 0.0]",70.162
9304,1224,16,2.0,18,False,False,False,"[0.132, 0.282, 0.294]",70.303
9304,1224,18,3.0,16,False,False,False,"[0.211, 0.354, 0.617]",70.375
9304,1224,14,4.0,18,False,False,False,"[0.217, 0.216, 0.66]",70.237
9304,1224,44,5.0,21,False,False,False,"[0.264, 0.245, 0.742]",70.266
9304,1224,63,6.0,21,False,False,False,"[0.0, 0.295, 0.863]",70.316
9304,1224,4,7.0,13,False,False,False,"[0.283, 0.0, 1.26]",70.021
9304,1224,55,8.0,20,False,False,False,"[0.284, 0.233, 1.262]",70.254
9304,1224,11,9.0,17,False,False,False,"[0.328, 0.198, 1.594]",70.219
9304,1224,81,10.0,15,True,False,False,"[0.179, 0.309, None]",70.33
9304,1224,27,11.0,15,False,False,False,"[0.135, 0.526, None]",70.475
9304,1224,31,12.0,15,False,False,False,"[0.423, 0.541, None]",70.562
9304,1224,10,13.0,14,False,False,False,"[0.453, 0.546, None]",70.567
9304,1224,20,14.0,15,False,False,False,"[0.262, 0.702, None]",70.602
9304,1224,23,15.0,15,False,False,False,"[0.281, 0.819, None]",70.621
9304,1224,22,16.0,9,False,False,False,"[0.497, None, None]",70.837
9304,1224,3,17.0,6,False,False,False,"[0.503, None, None]",70.843
9304,1224,77,18.0,9,False,False,False,"[0.615, None, None]",70.955
9304,1224,2,19.0,9,False,False,False,"[0.695, None, None]",71.035
9304,1224,24,20.0,9,False,False,False,"[0.935, None, None]",71.275
9314,1225,16,1.0,23,False,False,False,"[0.0, 0.0, 0.0]",92.726
9314,1225,55,2.0,23,False,False,False,"[0.234, 0.563, 0.044]",92.77
9314,1225,1,3.0,19,False,False,False,"[0.573, 0.797, 0.378]",93.104
9314,1225,63,4.0,22,False,False,False,"[0.52, 0.576, 0.386]",93.112
9314,1225,10,5.0,25,False,False,False,"[0.655, 0.719, 0.513]",93.239
9314,1225,23,6.0,21,False,False,False,"[1.017, 0.813, 0.597]",93.323
9314,1225,2,7.0,23,False,False,False,"[0.908, 0.958, 0.787]",93.513
9314,1225,77,8.0,19,False,False,False,"[0.688, 1.034, 0.799]",93.525
9314,1225,20,9.0,23,False,False,False,"[0.72, 0.889, 0.811]",93.537
9314,1225,14,10.0,24,False,False,False,"[0.805, 0.842, 0.829]",93.555
9314,1225,44,11.0,15,False,False,False,"[0.69, 1.062, None]",93.837
9314,1225,11,12.0,14,False,False,False,"[0.957, 1.08, None]",93.855
9314,1225,27,13.0,17,False,False,False,"[0.648, 1.204, None]",93.979
9314,1225,18,14.0,18,False,False,False,"[0.887, 1.424, None]",94.199
9314,1225,3,15.0,18,False,False,False,"[1.066, 1.533, None]",94.308
9314,1225,4,16.0,9,False,False,False,"[1.086, None, None]",94.703
9314,1225,31,17.0,10,False,False,False,"[1.217, None, None]",94.834
9314,1225,24,18.0,10,False,False,False,"[1.232, None, None]",94.849
9314,1225,81,19.0,10,False,False,False,"[1.233, None, None]",94.85
9314,1225,22,20.0,9,False,False,False,"[2.83, None, None]",96.447
9193,1226,1,1.0,15,False,False,False,"[0.0, 0.0, 0.0]",83.445
9193,1226,16,2.0,18,False,False,False,"[0.299, 0.229, 0.139]",83.584
9193,1226,81,3.0,17,False,False,False,"[0.327, 0.538, 0.337]",83.782
9193,1226,63,4.0,18,False,False,False,"[0.177, 0.273, 0.343]",83.788
9193,1226,4,5.0,16,False,False,False,"[0.208, 0.18, 0.371]",83.816
9193,1226,22,6.0,18,False,False,False,"[0.126, 0.467, 0.523]",83.968
9193,1226,14,7.0,18,False,False,False,"[0.341, 0.391, 0.639]",84.084
9193,1226,27,8.0,18,False,False,False,"[0.265, 0.473, 0.663]",84.108
9193,1226,11,9.0,17,False,False,False,"[0.049, 0.376, 0.726]",84.116
9193,1226,10,10.0,18,False,False,False,"[0.44, 0.338, 1.103]",84.078
9193,1226,44,11.0,12,False,False,False,"[0.277, 0.619, None]",84.359
9193,1226,31,12.0,12,False,False,False,"[0.405, 0.651, None]",84.391
9193,1226,18,13.0,12,False,False,False,"[0.245, 0.682, None]",84.405
9193,1226,23,14.0,12,False,False,False,"[0.138, 0.699, None]",84.298
9193,1226,3,15.0,12,False,False,False,"[0.301, 0.702, None]",84.442
9193,1226,55,16.0,6,False,False,False,"[0.578, None, None]",84.738
9193,1226,20,17.0,6,False,False,False,"[0.604, None, None]",84.764
9193,1226,77,18.0,6,False,False,False,"[0.628, None, None]",84.788
9193,1226,24,19.0,6,False,False,False,"[0.999, None, None]",85.159
9193,1226,2,,6,True,False,False,"[None, None, None]",
9468,1229,1,1.0,17,False,False,False,"[0.122, 0.209, 0.0]",89.179
9468,1229,16,2.0,19,False,False,False,"[0.334, 0.0, 0.228]",89.165
9468,1229,63,3.0,17,False,False,False,"[0.441, 0.757, 0.306]",89.485
9468,1229,55,4.0,18,False,False,False,"[0.0, 0.408, 0.328]",89.507
9468,1229,11,5.0,17,False,False,False,"[0.312, 0.767, 0.358]",89.537
9468,1229,14,6.0,14,False,False,False,"[0.27, 0.636, 0.363]",89.542
9468,1229,4,7.0,15,False,False,False,"[0.234, 0.776, 0.435]",89.614
9468,1229,81,8.0,18,False,False,False,"[0.622, 0.957, 0.504]",89.683
9468,1229,44,9.0,18,False,False,False,"[0.542, 0.553, 0.531]",89.71
9468,1229,27,10.0,18,False,False,False,"[0.657, 0.686, 1.323]",89.851
9468,1229,22,11.0,12,False,False,False,"[0.572, 0.964, None]",90.129
9468,1229,18,12.0,12,False,False,False,"[0.056, 1.035, None]",89.965
9468,1229,23,13.0,12,False,False,False,"[0.488, 1.056, None]",90.221
9468,1229,3,14.0,12,False,False,False,"[0.653, 1.113, None]",90.278
9468,1229,20,15.0,12,False,False,False,"[0.737, 1.364, None]",90.529
9468,1229,77,16.0,6,False,False,False,"[0.847, None, None]",90.756
9468,1229,24,17.0,6,False,False,False,"[0.848, None, None]",90.757
9468,1229,2,18.0,6,False,False,False,"[0.861, None, None]",90.77
9468,1229,31,19.0,9,False,False,False,"[0.884, None, None]",90.793
9468,1229,10,20.0,9,False,False,False,"[1.039, None, None]",90.948
9476,1230,1,1.0,18,False,False,False,"[0.0, 0.0, 0.0]",87.472
9476,1230,16,2.0,23,False,False,False,"[0.147, 0.079, 0.319]",87.791
9476,1230,11,3.0,19,False,False,False,"[0.467, 0.434, 0.335]",87.807
9476,1230,14,4.0,17,False,False,False,"[0.535, 0.089, 0.374]",87.846
9476,1230,81,5.0,22,False,False,False,"[0.584, 0.31, 0.617]",88.089
9476,1230,4,6.0,22,False,False,False,"[0.634, 0.446, 0.66]",88.132
9476,1230,63,7.0,22,False,False,False,"[0.578, 0.415, 0.844]",88.316
9476,1230,44,8.0,24,False,False,False,"[0.823, 0.573, 0.988]",88.46
9476,1230,22,9.0,18,False,False,False,"[0.817, 0.531, 1.075]",88.547
9476,1230,18,10.0,19,False,False,False,"[0.079, 0.545, 1.1]",88.25
9476,1230,38,11.0,18,False,False,False,"[0.813, 0.609, None]",88.642
9476,1230,23,12.0,16,False,False,False,"[0.936, 0.947, None]",88.98
9476,1230,20,13.0,17,False,False,False,"[0.898, 0.987, None]",89.02
9476,1230,3,14.0,12,False,False,False,"[0.894, 0.992, None]",89.025
9476,1230,27,15.0,10,True,False,False,"[0.884, None, None]",89.055
9476,1230,77,16.0,9,False,False,False,"[1.008, None, None]",89.179
9476,1230,31,17.0,10,False,False,False,"[1.304, None, None]",89.475
9476,1230,10,18.0,9,False,False,False,"[1.308, None, None]",89.479
9476,1230,2,19.0,9,False,False,False,"[1.355, None, None]",89.526
9476,1230,24,,2,True,False,False,"[None, None, None]",
9484,1231,1,1.0,21,False,False,False,"[0.088, 0.198, 0.0]",75.915
9484,1231,55,2.0,18,False,False,False,"[0.0, 0.0, 0.27]",76.185
9484,1231,11,3.0,22,False,False,False,"[0.074, 0.442, 0.359]",76.274
9484,1231,4,4.0,19,False,False,False,"[0.699, 0.561, 0.4]",76.315
9484,1231,16,5.0,20,False,False,False,"[0.253, 0.115, 0.52]",76.304
9484,1231,81,6.0,18,False,False,False,"[0.638, 0.412, 0.657]",76.572
9484,1231,63,7.0,23,False,False,False,"[0.331, 0.712, 0.809]",76.724
9484,1231,22,8.0,18,False,False,False,"[0.625, 0.602, 0.873]",76.788
9484,1231,18,9.0,23,False,False,False,"[0.645, 0.591, 1.157]",76.78
9484,1231,14,10.0,21,False,False,False,"[0.26, 0.521, 1.637]",76.71
9484,1231,44,11.0,15,False,False,False,"[0.768, 0.771, None]",76.96
9484,1231,23,12.0,15,False,False,False,"[0.399, 0.978, None]",77.13
9484,1231,77,13.0,15,False,False,False,"[0.812, 1.151, None]",77.34
9484,1231,20,14.0,13,False,False,False,"[0.978, 1.238, None]",77.427
9484,1231,31,15.0,21,False,False,False,"[0.886, 1.508, None]",77.617
9484,1231,27,16.0,8,False,False,False,"[1.245, None, None]",77.976
9484,1231,10,17.0,11,False,False,False,"[1.251, None, None]",77.982
9484,1231,3,18.0,6,False,False,False,"[1.354, None, None]",78.085
9484,1231,24,19.0,9,False,False,False,"[1.457, None, None]",78.188
9492,1232,1,1.0,12,False,False,False,"[0.0, 0.0, 0.0]",88.197
9492,1232,11,2.0,12,False,False,False,"[0.437, 0.012, 0.066]",88.263
9492,1232,4,3.0,13,False,False,False,"[0.67, 0.2, 0.292]",88.489
9492,1232,55,4.0,12,False,False,False,"[0.647, 0.359, 0.485]",88.682
9492,1232,14,5.0,12,False,False,False,"[0.388, 0.342, 0.489]",88.686
9492,1232,81,6.0,12,False,False,False,"[0.559, 0.408, 0.563]",88.76
9492,1232,44,7.0,15,False,False,False,"[0.795, 0.147, 0.569]",88.766
9492,1232,16,8.0,12,False,False,False,"[0.472, 0.456, 0.589]",88.786
9492,1232,63,9.0,15,False,False,False,"[0.933, 0.4, 0.811]",89.008
9492,1232,22,10.0,18,False,False,False,"[0.909, 0.677, 1.216]",89.413
9492,1232,3,11.0,12,False,False,False,"[0.861, 0.732, None]",89.472
9492,1232,27,12.0,12,False,False,False,"[0.955, 0.754, None]",89.494
9492,1232,77,13.0,12,False,False,False,"[0.736, 0.853, None]",89.593
9492,1232,23,14.0,9,False,False,False,"[1.097, 0.974, None]",89.714
9492,1232,31,15.0,12,False,False,False,"[0.945, 1.076, None]",89.811
9492,1232,18,16.0,6,False,False,False,"[1.158, None, None]",90.024
9492,1232,10,17.0,6,False,False,False,"[1.253, None, None]",90.119
9492,1232,20,18.0,9,False,False,False,"[1.265, None, None]",90.131
9492,1232,2,19.0,6,False,False,False,"[1.273, None, None]",90.139
9492,1232,24,20.0,6,False,False,False,"[1.277, None, None]",90.143
9664,1233,1,1.0,18,False,False,False,"[0.0, 0.0, 0.0]",93.66
9664,1233,11,2.0,19,False,False,False,"[0.715, 0.232, 0.322]",93.982
9664,1233,14,3.0,15,False,False,False,"[0.374, 0.858, 0.488]",94.148
9664,1233,4,4.0,15,False,False,False,"[0.1, 0.666, 0.505]",94.165
9664,1233,81,5.0,16,False,False,False,"[0.272, 0.865, 0.613]",94.273
9664,1233,16,6.0,20,False,False,False,"[0.055, 0.605, 0.629]",94.289
9664,1233,55,7.0,17,False,False,False,"[0.228, 0.574, 0.637]",94.297
9664,1233,63,8.0,20,False,False,False,"[0.342, 0.815, 0.773]",94.433
9664,1233,27,9.0,21,False,False,False,"[0.326, 0.873, 0.944]",94.604
9664,1233,77,10.0,15,False,False,False,"[0.427, 0.975, 1.005]",94.665
9664,1233,18,11.0,12,False,False,False,"[0.592, 1.044, None]",94.838
9664,1233,3,12.0,12,False,False,False,"[0.701, 1.14, None]",94.934
9664,1233,31,13.0,15,False,False,False,"[0.614, 1.429, None]",95.223
9664,1233,23,14.0,14,False,False,False,"[0.642, 1.447, None]",95.241
9664,1233,10,15.0,15,False,False,False,"[0.545, 1.669, None]",95.287
9664,1233,24,16.0,8,False,False,False,"[0.763, None, None]",95.505
9664,1233,20,17.0,6,False,False,False,"[0.774, None, None]",95.516
9664,1233,44,18.0,6,False,False,False,"[0.831, None, None]",95.573
9664,1233,22,19.0,9,False,False,False,"[1.004, None, None]",95.746
9664,1233,2,20.0,7,False,False,False,"[1.616, None, None]",96.358
9498,1234,1,1.0,18,False,False,False,"[0.0, 0.033, 0.0]",87.241
9498,1234,16,2.0,21,False,False,False,"[0.392, 0.0, 0.141]",87.382
9498,1234,55,3.0,21,False,False,False,"[0.248, 0.408, 0.214]",87.455
9498,1234,11,4.0,18,False,False,False,"[0.083, 0.306, 0.219]",87.46
9498,1234,4,5.0,21,False,False,False,"[0.224, 0.338, 0.353]",87.594
9498,1234,81,6.0,19,False,False,False,"[0.343, 0.188, 0.434]",87.675
9498,1234,63,7.0,21,False,False,False,"[0.47, 0.562, 0.826]",88.067
9498,1234,44,8.0,21,False,False,False,"[0.478, 0.164, 0.866]",87.697
9498,1234,27,9.0,21,False,False,False,"[0.694, 0.667, 0.905]",88.146
9498,1234,22,10.0,21,False,False,False,"[0.635, 0.634, 0.951]",88.167
9498,1234,18,11.0,15,False,False,False,"[0.488, 0.689, None]",88.177
9498,1234,10,12.0,15,False,False,False,"[0.287, 0.791, None]",87.976
9498,1234,31,13.0,15,False,False,False,"[0.52, 0.838, None]",88.209
9498,1234,23,14.0,15,False,False,False,"[0.654, 0.88, None]",88.343
9498,1234,14,15.0,15,False,False,False,"[0.764, 0.894, None]",88.427
9498,1234,77,16.0,6,False,False,False,"[0.774, None, None]",88.463
9498,1234,2,17.0,8,False,False,False,"[0.798, None, None]",88.487
9498,1234,3,18.0,9,False,False,False,"[0.928, None, None]",88.617
9498,1234,20,19.0,9,False,False,False,"[0.93, None, None]",88.619
9498,1234,24,20.0,9,False,False,False,"[1.135, None, None]",88.824
9511,1235,1,1.0,18,False,False,False,"[0.0, 0.0, 0.0]",74.746
9511,1235,81,2.0,15,False,False,False,"[0.178, 0.231, 0.074]",74.82
9511,1235,4,3.0,19,False,False,False,"[0.153, 0.195, 0.091]",74.837
9511,1235,16,4.0,21,False,False,False,"[0.061, 0.152, 0.224]",74.97
9511,1235,55,5.0,20,False,False,False,"[0.253, 0.336, 0.487]",75.233
9511,1235,63,6.0,18,False,False,False,"[0.345, 0.495, 0.488]",75.234
9511,1235,22,7.0,15,False,False,False,"[0.132, 0.182, 0.719]",75.358
9511,1235,44,8.0,20,False,False,False,"[0.842, 0.501, 0.758]",75.504
9511,1235,3,9.0,15,False,False,False,"[0.298, 0.515, 0.928]",75.674
9511,1235,27,10.0,21,False,False,False,"[0.079, 0.393, 1.234]",75.569
9511,1235,11,11.0,10,False,False,False,"[0.642, 0.53, None]",75.706
9511,1235,31,12.0,15,False,False,False,"[0.599, 0.73, None]",75.906
9511,1235,18,13.0,15,False,False,False,"[0.696, 0.816, None]",75.992
9511,1235,23,14.0,12,False,False,False,"[0.762, 1.024, None]",76.2
9511,1235,10,15.0,14,False,False,False,"[0.253, 1.205, None]",76.015
9511,1235,77,16.0,6,False,False,False,"[0.864, None, None]",76.626
9511,1235,24,17.0,9,False,False,False,"[1.072, None, None]",76.834
9511,1235,20,18.0,8,False,False,False,"[1.092, None, None]",76.854
9511,1235,14,19.0,7,False,False,False,"[1.155, None, None]",76.917
9511,1235,2,,8,True,False,False,"[None, None, None]",
9519,1236,16,1.0,26,False,False,False,"[0.092, 0.093, 0.0]",70.27
9519,1236,81,2.0,24,False,False,False,"[0.008, 0.024, 0.154]",70.424
9519,1236,55,3.0,28,False,False,False,"[0.051, 0.343, 0.248]",70.518
9519,1236,4,4.0,27,False,False,False,"[0.268, 0.0, 0.272]",70.542
9519,1236,63,5.0,28,False,False,False,"[0.0, 0.197, 0.273]",70.543
9519,1236,1,6.0,28,False,False,False,"[0.219, 0.013, 0.297]",70.567
9519,1236,44,7.0,28,False,False,False,"[0.036, 0.324, 0.351]",70.621
9519,1236,22,8.0,25,False,False,False,"[0.36, 0.374, 0.588]",70.858
9519,1236,23,9.0,29,False,False,False,"[0.131, 0.484, 0.678]",70.948
9519,1236,10,10.0,30,False,False,False,"[0.222, 0.164, 1.041]",70.896
9519,1236,31,11.0,20,False,False,False,"[0.395, 0.553, None]",71.285
9519,1236,27,,20,False,False,False,"[0.384, 0.708, None]",71.44
9519,1236,3,12.0,21,False,False,False,"[0.293, 0.75, None]",71.482
9519,1236,18,13.0,17,False,False,False,"[0.236, 0.831, None]",71.563
9519,1236,20,,18,False,False,False,"[0.34, 0.993, None]",71.725
9519,1236,14,14.0,11,False,False,False,"[0.527, None, None]",72.019
9519,1236,2,15.0,12,False,False,False,"[0.528, None, None]",72.02
9519,1236,11,16.0,12,False,False,False,"[0.568, None, None]",72.06
9519,1236,77,17.0,11,False,False,False,"[1.02, None, None]",72.512
9519,1236,24,18.0,11,False,False,False,"[1.536, None, None]",73.028
9527,1237,63,1.0,26,False,False,False,"[0.653, 0.0, 0.0]",71.742
9527,1237,1,2.0,27,False,False,False,"[0.0, 0.807, 0.0]",72.0
9527,1237,4,3.0,25,False,False,False,"[0.599, 0.459, 0.021]",72.021
9527,1237,81,4.0,29,False,False,False,"[0.547, 0.72, 0.103]",72.103
9527,1237,3,5.0,25,False,False,False,"[0.88, 0.83, 0.178]",72.178
9527,1237,14,6.0,23,False,False,False,"[0.757, 0.893, 0.228]",72.228
9527,1237,44,7.0,26,False,False,False,"[0.491, 0.237, 0.28]",71.979
9527,1237,22,8.0,24,False,False,False,"[0.388, 0.561, 0.414]",72.303
9527,1237,18,9.0,25,False,False,False,"[0.728, 0.917, 0.701]",72.659
9527,1237,23,10.0,26,False,False,False,"[0.536, 0.743, 0.796]",72.485
9527,1237,16,11.0,21,False,False,False,"[0.747, 0.949, None]",72.691
9527,1237,55,12.0,22,False,False,False,"[0.678, 0.986, None]",72.728
9527,1237,2,13.0,22,False,False,False,"[0.703, 0.994, None]",72.736
9527,1237,20,14.0,16,False,False,False,"[0.857, 1.174, None]",72.916
9527,1237,10,15.0,18,False,False,False,"[0.929, 1.198, None]",72.94
9527,1237,11,16.0,11,False,False,False,"[0.966, None, None]",73.326
9527,1237,77,17.0,10,False,False,False,"[1.006, None, None]",73.366
9527,1237,31,18.0,11,False,False,False,"[1.075, None, None]",73.435
9527,1237,27,19.0,10,False,False,False,"[1.618, None, None]",73.978
9527,1237,24,20.0,11,False,False,False,"[1.932, None, None]",74.292
9535,1238,4,1.0,12,False,False,False,"[0.243, 0.219, 0.0]",71.383
9535,1238,1,2.0,12,False,False,False,"[0.163, 0.0, 0.02]",71.403
9535,1238,44,3.0,18,False,False,False,"[0.0, 0.139, 0.318]",71.701
9535,1238,63,4.0,16,False,False,False,"[0.313, 0.159, 0.32]",71.703
9535,1238,16,5.0,12,False,False,False,"[0.114, 0.385, 0.348]",71.731
9535,1238,55,6.0,12,False,False,False,"[0.26, 0.221, 0.353]",71.736
9535,1238,10,7.0,18,False,False,False,"[0.508, 0.426, 0.474]",71.857
9535,1238,11,8.0,18,False,False,False,"[0.334, 0.401, 0.678]",72.054
9535,1238,31,9.0,18,False,False,False,"[0.548, 0.456, 0.742]",72.109
9535,1238,81,10.0,16,True,False,False,"[0.317, 0.358, None]",72.011
9535,1238,14,11.0,12,False,False,False,"[0.362, 0.475, None]",72.128
9535,1238,77,12.0,12,False,False,False,"[0.615, 0.574, None]",72.227
9535,1238,27,13.0,12,False,False,False,"[0.565, 0.657, None]",72.31
9535,1238,18,14.0,15,False,False,False,"[0.738, 0.719, None]",72.372
9535,1238,24,15.0,15,False,False,False,"[0.737, 1.085, None]",72.738
9535,1238,20,16.0,6,False,False,False,"[0.794, None, None]",72.937
9535,1238,22,17.0,9,False,False,False,"[0.842, None, None]",72.985
9535,1238,3,18.0,9,False,False,False,"[0.932, None, None]",73.075
9535,1238,23,19.0,6,False,False,False,"[1.01, None, None]",73.153
9535,1238,2,20.0,9,False,False,False,"[1.366, None, None]",73.509
9541,1239,1,1.0,18,False,False,False,"[0.073, 0.0, 0.0]",64.314
9541,1239,4,2.0,20,False,False,False,"[0.187, 0.634, 0.404]",64.718
9541,1239,63,3.0,18,False,False,False,"[0.322, 0.547, 0.526]",64.84
9541,1239,55,4.0,18,False,False,False,"[0.0, 0.547, 0.537]",64.851
9541,1239,44,5.0,18,False,False,False,"[0.278, 0.584, 0.589]",64.903
9541,1239,16,6.0,22,False,False,False,"[0.246, 0.635, 0.73]",65.044
9541,1239,81,7.0,17,False,False,False,"[0.048, 0.601, 0.734]",65.048
9541,1239,11,8.0,21,False,False,False,"[0.324, 0.675, 0.888]",65.144
9541,1239,27,9.0,21,False,False,False,"[0.333, 0.793, 1.071]",65.262
9541,1239,31,10.0,24,False,False,False,"[0.311, 0.805, 1.569]",65.274
9541,1239,3,11.0,15,False,False,False,"[0.306, 0.82, None]",65.289
9541,1239,20,12.0,15,False,False,False,"[0.245, 0.878, None]",65.347
9541,1239,10,13.0,18,False,False,False,"[0.335, 0.89, None]",65.359
9541,1239,22,14.0,15,False,False,False,"[0.3, 0.943, None]",65.412
9541,1239,14,15.0,15,False,False,False,"[0.393, 1.17, None]",65.639
9541,1239,23,16.0,9,False,False,False,"[0.473, None, None]",65.736
9541,1239,18,17.0,9,False,False,False,"[0.556, None, None]",65.819
9541,1239,77,18.0,9,False,False,False,"[0.584, None, None]",65.847
9541,1239,2,19.0,9,False,False,False,"[0.593, None, None]",65.856
9541,1239,24,20.0,9,False,False,False,"[0.798, None, None]",66.061
9554,1240,63,1.0,26,False,False,False,"[0.559, 0.164, 0.0]",85.819
9554,1240,44,2.0,25,False,False,False,"[0.0, 0.211, 0.171]",85.99
9554,1240,4,3.0,22,False,False,False,"[2.049, 0.0, 0.211]",86.03
9554,1240,1,4.0,24,False,False,False,"[1.795, 0.237, 0.384]",86.203
9554,1240,81,5.0,24,False,False,False,"[1.348, 0.174, 0.418]",86.237
9554,1240,27,6.0,17,False,False,False,"[2.382, 0.288, 0.519]",86.338
9554,1240,55,7.0,24,False,False,False,"[1.01, 0.284, 0.69]",86.509
9554,1240,18,8.0,24,False,False,False,"[1.863, 0.379, 0.766]",86.585
9554,1240,23,9.0,23,False,False,False,"[1.588, 0.374, 0.821]",86.64
9554,1240,14,10.0,24,False,False,False,"[1.717, 0.171, 1.098]",86.73
9554,1240,16,11.0,18,False,False,False,"[0.949, 0.538, None]",87.097
9554,1240,2,12.0,20,False,False,False,"[2.061, 0.616, None]",87.175
9554,1240,22,13.0,17,False,False,False,"[1.447, 0.71, None]",87.269
9554,1240,24,14.0,22,False,False,False,"[1.643, 1.308, None]",87.867
9554,1240,3,15.0,18,False,False,False,"[1.744, 1.39, None]",87.949
9554,1240,77,16.0,11,False,False,False,"[2.884, None, None]",92.431
9554,1240,20,17.0,6,False,False,False,"[3.358, None, None]",92.905
9554,1240,31,18.0,11,False,False,False,"[5.01, None, None]",94.557
9554,1240,11,19.0,5,False,False,False,"[8.801, None, None]",98.348
9554,1240,10,20.0,7,False,False,False,"[10.257, None, None]",99.804
9562,1241,4,1.0,22,False,False,False,"[0.705, 0.0, 0.0]",75.227
9562,1241,81,2.0,21,False,False,False,"[0.454, 0.245, 0.022]",75.249
9562,1241,1,3.0,21,False,False,False,"[0.037, 0.23, 0.046]",75.273
9562,1241,55,4.0,26,False,False,False,"[0.194, 0.345, 0.469]",75.696
9562,1241,44,5.0,24,False,False,False,"[0.037, 0.767, 0.627]",75.854
9562,1241,16,6.0,22,False,False,False,"[0.387, 0.351, 0.678]",75.891
9562,1241,14,7.0,18,False,False,False,"[0.574, 0.577, 0.816]",76.043
9562,1241,18,8.0,22,False,False,False,"[0.355, 0.535, 1.017]",76.075
9562,1241,3,9.0,20,False,False,False,"[0.0, 0.662, 1.22]",76.202
9562,1241,22,10.0,20,False,False,False,"[0.386, 0.581, 1.25]",76.121
9562,1241,27,11.0,16,False,False,False,"[0.312, 0.777, None]",76.317
9562,1241,77,12.0,19,False,False,False,"[0.437, 0.844, None]",76.384
9562,1241,23,13.0,16,False,False,False,"[0.23, 0.889, None]",76.429
9562,1241,2,14.0,13,False,False,False,"[0.72, 1.003, None]",76.543
9562,1241,20,15.0,15,False,False,False,"[0.801, 1.008, None]",76.548
9562,1241,11,16.0,6,False,False,False,"[0.836, None, None]",77.886
9562,1241,63,17.0,9,False,False,False,"[0.918, None, None]",77.968
9562,1241,24,18.0,12,False,False,False,"[0.987, None, None]",78.037
9562,1241,31,19.0,6,False,False,False,"[0.999, None, None]",78.049
9562,1241,10,20.0,6,False,False,False,"[1.116, None, None]",78.166
9570,1242,1,1.0,21,False,False,False,"[0.103, 0.0, 0.0]",113.159
9570,1242,16,2.0,22,False,False,False,"[0.514, 0.356, 0.595]",113.754
9570,1242,11,3.0,21,False,False,False,"[0.304, 0.633, 0.606]",113.765
9570,1242,44,4.0,22,False,False,False,"[0.857, 0.2, 0.676]",113.835
9570,1242,4,5.0,24,False,False,False,"[0.747, 0.521, 0.822]",113.981
9570,1242,81,6.0,23,False,False,False,"[0.0, 0.299, 0.868]",114.027
9570,1242,63,7.0,22,False,False,False,"[0.518, 0.258, 1.025]",114.095
9570,1242,55,8.0,23,False,False,False,"[0.334, 0.275, 1.318]",114.112
9570,1242,14,9.0,23,False,False,False,"[0.654, 0.421, 1.606]",114.258
9570,1242,31,10.0,23,False,False,False,"[0.582, 0.623, 1.651]",114.46
9570,1242,23,11.0,16,False,False,False,"[0.887, 0.636, None]",114.473
9570,1242,10,12.0,17,False,False,False,"[0.076, 0.798, None]",114.635
9570,1242,3,13.0,14,False,False,False,"[0.616, 0.845, None]",114.682
9570,1242,77,14.0,17,False,False,False,"[0.696, 0.927, None]",114.764
9570,1242,18,15.0,17,False,False,False,"[1.237, 1.879, None]",115.716
9570,1242,27,16.0,9,False,False,False,"[1.473, None, None]",116.308
9570,1242,20,17.0,9,False,False,False,"[1.665, None, None]",116.5
9570,1242,22,18.0,8,False,False,False,"[1.758, None, None]",116.593
9570,1242,2,19.0,8,False,False,False,"[2.395, None, None]",117.23
9570,1242,24,20.0,9,False,False,False,"[2.94, None, None]",117.775
9578,1243,4,1.0,14,False,False,False,"[0.371, 0.0, 0.0]",69.673
9578,1243,1,2.0,14,False,False,False,"[0.387, 0.315, 0.356]",70.029
9578,1243,81,3.0,16,False,False,False,"[0.535, 0.009, 0.499]",70.172
9578,1243,63,4.0,18,False,False,False,"[0.043, 0.056, 0.571]",70.244
9578,1243,11,5.0,17,False,False,False,"[0.0, 0.182, 0.743]",70.416
9578,1243,16,6.0,24,False,False,False,"[0.364, 0.193, 0.909]",70.582
9578,1243,14,7.0,16,False,False,False,"[0.487, 0.349, 0.96]",70.633
9578,1243,23,,0,False,False,False,"[None, None, None]",
9578,1243,18,8.0,19,False,False,False,"[0.512, 0.165, 1.184]",70.661
9578,1243,10,9.0,20,False,False,False,"[0.712, 0.319, 1.304]",70.815
9578,1243,55,10.0,18,False,False,False,"[0.321, 0.418, None]",70.914
9578,1243,44,11.0,13,False,False,False,"[0.369, 0.452, None]",70.948
9578,1243,22,12.0,15,False,False,False,"[0.597, 0.459, None]",70.955
9578,1243,27,13.0,17,False,False,False,"[0.826, 0.719, None]",71.215
9578,1243,20,14.0,15,False,False,False,"[0.624, 0.799, None]",71.295
9578,1243,3,15.0,9,False,False,False,"[0.937, None, None]",71.943
9578,1243,31,16.0,9,False,False,False,"[0.989, None, None]",71.995
9578,1243,77,17.0,9,False,False,False,"[1.162, None, None]",72.168
9578,1243,24,18.0,9,False,False,False,"[2.255, None, None]",73.261
9586,1244,4,1.0,12,False,False,False,"[0.0, 0.086, 0.0]",79.327
9586,1244,81,2.0,19,False,False,False,"[0.165, 0.167, 0.109]",79.436
9586,1244,63,3.0,18,False,False,False,"[0.258, 0.236, 0.113]",79.44
9586,1244,16,4.0,21,False,False,False,"[0.163, 0.366, 0.134]",79.461
9586,1244,55,5.0,18,False,False,False,"[0.238, 0.158, 0.14]",79.467
9586,1244,44,6.0,18,False,False,False,"[0.566, 0.0, 0.186]",79.513
9586,1244,1,7.0,18,False,False,False,"[0.315, 0.021, 0.695]",79.662
9586,1244,11,8.0,17,False,False,False,"[0.687, 0.575, 0.735]",80.062
9586,1244,23,9.0,18,False,False,False,"[0.631, 0.673, 0.972]",80.299
9586,1244,27,10.0,18,False,False,False,"[0.87, 0.77, 1.012]",80.339
9586,1244,14,11.0,11,False,False,False,"[0.706, 0.78, None]",80.421
9586,1244,3,12.0,12,False,False,False,"[0.99, 0.838, None]",80.479
9586,1244,20,13.0,11,False,False,False,"[0.945, 1.057, None]",80.698
9586,1244,10,14.0,16,False,False,False,"[0.837, 1.097, None]",80.738
9586,1244,31,15.0,16,False,False,False,"[0.853, 1.125, None]",80.764
9586,1244,22,16.0,6,False,False,False,"[1.034, None, None]",80.945
9586,1244,18,17.0,6,False,False,False,"[1.102, None, None]",81.013
9586,1244,43,18.0,6,False,False,False,"[1.15, None, None]",81.061
9586,1244,77,19.0,6,False,False,False,"[1.19, None, None]",81.101
9586,1244,24,20.0,9,False,False,False,"[1.534, None, None]",81.445
9594,1245,16,1.0,20,False,False,False,"[0.0, 0.014, 0.0]",101.365
9594,1245,81,2.0,19,False,False,False,"[0.258, 0.556, 0.321]",101.686
9594,1245,55,3.0,23,False,False,False,"[0.582, 0.461, 0.44]",101.805
9594,1245,11,4.0,15,False,False,False,"[0.438, 0.221, 0.448]",101.813
9594,1245,63,5.0,20,False,False,False,"[0.364, 0.287, 0.509]",101.874
9594,1245,1,6.0,20,False,False,False,"[0.322, 0.0, 0.658]",102.023
9594,1245,44,7.0,22,False,False,False,"[0.314, 0.723, 0.924]",102.289
9594,1245,14,8.0,19,False,False,False,"[0.697, 0.384, 1.004]",102.369
9594,1245,43,9.0,20,False,False,False,"[0.363, 0.431, 1.165]",102.473
9594,1245,23,10.0,19,False,False,False,"[0.124, 0.798, 1.494]",102.84
9594,1245,50,11.0,14,False,False,False,"[0.696, 0.926, None]",102.968
9594,1245,22,12.0,16,False,False,False,"[0.562, 0.993, None]",103.035
9594,1245,10,,0,False,False,False,"[None, None, None]",
9594,1245,27,13.0,14,False,False,False,"[0.326, 1.149, None]",103.101
9594,1245,18,14.0,14,False,False,False,"[0.595, 1.362, None]",103.37
9594,1245,3,15.0,9,False,False,False,"[0.772, None, None]",103.547
9594,1245,4,16.0,7,False,False,False,"[0.834, None, None]",103.609
9594,1245,77,17.0,7,False,False,False,"[0.843, None, None]",103.618
9594,1245,24,18.0,10,False,False,False,"[1.471, None, None]",104.246
9594,1245,31,19.0,8,False,False,False,"[1.729, None, None]",104.504
9602,1246,4,1.0,16,False,False,False,"[0.0, 0.367, 0.0]",89.525
9602,1246,1,2.0,18,False,False,False,"[0.155, 0.04, 0.203]",89.68
9602,1246,44,3.0,16,False,False,False,"[0.391, 0.289, 0.316]",89.841
9602,1246,63,4.0,17,False,False,False,"[0.809, 0.513, 0.342]",89.867
9602,1246,81,5.0,18,False,False,False,"[0.256, 0.0, 0.428]",89.64
9602,1246,27,6.0,18,False,False,False,"[0.722, 0.51, 0.59]",90.115
9602,1246,14,7.0,17,False,False,False,"[0.682, 0.81, 0.689]",90.214
9602,1246,22,8.0,17,False,False,False,"[0.714, 0.649, 0.829]",90.289
9602,1246,16,9.0,19,True,False,False,"[0.784, 0.107, None]",89.747
9602,1246,55,10.0,16,False,True,False,"[0.668, 0.468, None]",90.108
9602,1246,23,11.0,12,False,False,False,"[0.677, 0.834, None]",90.474
9602,1246,43,12.0,12,False,False,False,"[0.702, 0.841, None]",90.481
9602,1246,11,13.0,14,False,False,False,"[0.622, 0.939, None]",90.579
9602,1246,20,14.0,12,False,False,False,"[0.827, 1.013, None]",90.653
9602,1246,31,15.0,15,False,False,False,"[0.956, 1.129, None]",90.769
9602,1246,3,16.0,6,False,False,False,"[1.083, None, None]",91.085
9602,1246,18,17.0,6,False,False,False,"[1.092, None, None]",91.094
9602,1246,10,18.0,9,False,False,False,"[1.31, None, None]",91.312
9602,1246,77,19.0,9,False,False,False,"[1.57, None, None]",91.572
9602,1246,24,20.0,9,False,False,False,"[2.052, None, None]",92.054
9608,1247,4,1.0,16,False,False,False,"[0.57, 0.267, 0.0]",92.33
9608,1247,1,2.0,17,False,False,False,"[0.0, 0.0, 0.031]",92.361
9608,1247,55,3.0,19,False,False,False,"[0.51, 0.252, 0.322]",92.652
9608,1247,16,4.0,20,False,False,False,"[0.195, 0.378, 0.41]",92.74
9608,1247,81,5.0,19,False,False,False,"[0.818, 0.473, 0.62]",92.95
9608,1247,63,6.0,15,False,False,False,"[0.49, 0.558, 0.644]",92.974
9608,1247,10,7.0,20,False,False,False,"[0.504, 0.578, 0.688]",93.018
9608,1247,14,8.0,18,False,False,False,"[0.927, 0.845, 0.979]",93.309
9608,1247,20,9.0,17,False,False,False,"[0.518, 0.89, 1.151]",93.474
9608,1247,11,10.0,17,True,False,False,"[0.565, 0.436, None]",93.02
9608,1247,22,11.0,14,False,False,False,"[0.749, 0.922, None]",93.506
9608,1247,27,12.0,12,False,False,False,"[0.555, 0.96, None]",93.544
9608,1247,31,13.0,15,False,False,False,"[0.94, 1.013, None]",93.597
9608,1247,18,14.0,14,False,False,False,"[0.987, 1.175, None]",93.759
9608,1247,30,15.0,11,False,True,False,"[0.293, None, None]",93.339
9608,1247,23,16.0,8,False,False,False,"[1.005, None, None]",94.051
9608,1247,43,17.0,6,False,False,False,"[1.016, None, None]",94.062
9608,1247,77,18.0,9,False,False,False,"[1.106, None, None]",94.152
9608,1247,44,19.0,6,False,False,False,"[1.108, None, None]",94.154
9608,1247,24,20.0,9,False,False,False,"[1.182, None, None]",94.228
9621,1248,55,1.0,21,False,False,False,"[0.273, 0.214, 0.0]",75.946
9621,1248,1,2.0,18,False,False,False,"[0.298, 0.213, 0.225]",76.171
9621,1248,4,3.0,15,False,False,False,"[0.0, 0.0, 0.314]",76.26
9621,1248,16,4.0,21,False,False,False,"[0.467, 0.34, 0.319]",76.265
9621,1248,63,5.0,19,False,False,False,"[0.689, 0.636, 0.41]",76.356
9621,1248,44,6.0,19,False,False,False,"[0.801, 0.672, 0.705]",76.651
9621,1248,20,7.0,18,False,False,False,"[0.62, 0.702, 0.94]",76.886
9621,1248,10,8.0,18,False,False,False,"[0.644, 0.747, 0.946]",76.892
9621,1248,23,9.0,18,False,False,False,"[0.684, 0.687, 1.119]",76.988
9621,1248,27,10.0,18,False,False,False,"[0.681, 0.694, 1.419]",76.995
9621,1248,22,11.0,11,False,False,False,"[0.677, 0.828, None]",77.129
9621,1248,30,12.0,11,False,False,False,"[0.875, 0.861, None]",77.162
9621,1248,14,13.0,13,False,False,False,"[0.802, 0.867, None]",77.168
9621,1248,18,14.0,14,False,False,False,"[0.902, 0.993, None]",77.294
9621,1248,77,15.0,14,False,False,False,"[0.888, 1.516, None]",77.393
9621,1248,43,16.0,6,False,False,False,"[1.053, None, None]",77.558
9621,1248,81,17.0,8,False,False,False,"[1.092, None, None]",77.597
9621,1248,11,18.0,9,False,False,False,"[1.106, None, None]",77.611
9621,1248,31,19.0,9,False,False,False,"[1.112, None, None]",77.617
9621,1248,24,20.0,9,False,False,False,"[1.567, None, None]",78.072
9627,1249,4,1.0,33,False,False,False,"[2.422, 0.0, 0.0]",83.405
9627,1249,63,2.0,29,False,False,False,"[0.599, 1.463, 0.173]",83.578
9627,1249,22,3.0,30,False,False,False,"[0.65, 1.62, 0.706]",84.111
9627,1249,31,4.0,31,False,False,False,"[0.649, 1.362, 1.07]",84.475
9627,1249,30,5.0,30,False,False,False,"[2.236, 0.81, 1.079]",84.484
9627,1249,16,6.0,29,False,False,False,"[1.317, 1.253, 1.12]",84.525
9627,1249,23,7.0,28,False,False,False,"[0.55, 1.045, 1.252]",84.657
9627,1249,81,8.0,28,False,False,False,"[1.592, 0.335, 1.281]",84.686
9627,1249,14,9.0,21,False,False,False,"[1.685, 0.191, 5.593]",85.035
9627,1249,18,10.0,19,False,False,False,"[2.058, 1.49, None]",86.334
9627,1249,77,11.0,21,False,False,False,"[2.111, 1.628, None]",86.472
9627,1249,1,12.0,19,False,False,False,"[0.0, 2.927, None]",87.771
9627,1249,11,13.0,18,False,False,False,"[1.513, 3.314, None]",88.158
9627,1249,55,14.0,17,False,False,False,"[1.781, 4.562, None]",89.406
9627,1249,10,15.0,21,False,False,False,"[0.898, 4.77, None]",89.42
9627,1249,44,16.0,11,False,False,False,"[2.628, None, None]",91.15
9627,1249,50,17.0,11,False,False,False,"[2.707, None, None]",91.229
9627,1249,43,18.0,5,False,False,False,"[2.748, None, None]",91.27
9627,1249,27,19.0,12,False,False,False,"[3.101, None, None]",91.623
9627,1249,24,20.0,12,False,False,False,"[3.741, None, None]",92.263
9640,1250,63,1.0,25,False,False,False,"[0.0, 0.212, 0.0]",92.312
9640,1250,55,2.0,24,False,False,False,"[0.298, 0.144, 0.098]",92.41
9640,1250,10,3.0,25,False,False,False,"[0.505, 0.312, 0.352]",92.664
9640,1250,16,4.0,23,False,False,False,"[0.26, 0.449, 0.471]",92.783
9640,1250,1,5.0,21,False,False,False,"[0.113, 0.518, 0.485]",92.797
9640,1250,4,6.0,20,False,False,False,"[0.406, 0.532, 0.696]",93.008
9640,1250,22,7.0,25,False,False,False,"[0.603, 0.522, 0.717]",93.029
9640,1250,81,8.0,21,False,False,False,"[0.264, 0.457, 0.721]",93.024
9640,1250,27,9.0,17,False,False,False,"[0.734, 0.547, 0.75]",93.062
9640,1250,44,10.0,24,False,False,False,"[0.039, 0.0, 15.794]",92.567
9640,1250,31,11.0,18,False,False,False,"[0.782, 0.654, None]",93.221
9640,1250,20,12.0,12,False,False,False,"[0.805, 0.73, None]",93.297
9640,1250,24,13.0,17,False,False,False,"[0.893, 0.999, None]",93.566
9640,1250,43,14.0,16,False,False,False,"[0.56, 1.182, None]",93.746
9640,1250,30,15.0,17,False,False,False,"[0.901, 1.69, None]",94.087
9640,1250,11,16.0,10,False,False,False,"[0.969, None, None]",94.155
9640,1250,14,17.0,9,False,False,False,"[1.072, None, None]",94.258
9640,1250,23,18.0,10,False,False,False,"[1.239, None, None]",94.425
9640,1250,77,19.0,10,False,False,False,"[1.244, None, None]",94.43
9640,1250,18,20.0,3,False,False,False,"[1.298, None, None]",94.484
9646,1251,1,1.0,22,False,False,False,"[0.338, 0.0, 0.0]",80.52
9646,1251,63,2.0,28,False,False,False,"[0.0, 0.382, 0.055]",80.575
9646,1251,4,3.0,22,False,False,False,"[0.337, 0.296, 0.252]",80.772
9646,1251,81,4.0,22,False,False,False,"[0.58, 0.434, 0.309]",80.829
9646,1251,16,5.0,26,False,False,False,"[0.037, 0.313, 0.332]",80.852
9646,1251,44,6.0,27,False,False,False,"[0.396, 0.408, 0.491]",81.011
9646,1251,55,7.0,26,False,False,False,"[0.206, 0.512, 0.521]",81.041
9646,1251,14,8.0,19,False,False,False,"[0.367, 0.521, 0.731]",81.208
9646,1251,11,9.0,22,False,False,False,"[0.434, 0.738, 0.905]",81.425
9646,1251,20,10.0,26,False,False,False,"[0.65, 0.7, 0.98]",81.387
9646,1251,10,11.0,18,False,False,False,"[0.602, 0.75, None]",81.437
9646,1251,24,12.0,19,False,False,False,"[0.862, 0.814, None]",81.501
9646,1251,77,13.0,19,False,False,False,"[0.686, 1.044, None]",81.731
9646,1251,22,14.0,16,False,False,False,"[1.123, 1.084, None]",81.771
9646,1251,18,15.0,14,False,False,False,"[0.77, 1.224, None]",81.911
9646,1251,23,16.0,9,False,False,False,"[1.149, None, None]",82.39
9646,1251,30,17.0,10,False,False,False,"[1.17, None, None]",82.411
9646,1251,27,18.0,10,False,False,False,"[1.201, None, None]",82.442
9646,1251,43,19.0,9,False,False,False,"[1.353, None, None]",82.594
9646,1251,31,20.0,10,False,False,False,"[1.473, None, None]",82.714
9658,1252,4,1.0,16,False,False,False,"[0.38, 0.113, 0.0]",82.595
9658,1252,81,2.0,16,False,False,False,"[0.338, 0.214, 0.209]",82.804
9658,1252,55,3.0,16,False,False,False,"[0.185, 0.0, 0.229]",82.824
9658,1252,27,4.0,17,False,False,False,"[0.42, 0.055, 0.291]",82.886
9658,1252,1,5.0,15,False,False,False,"[0.214, 0.013, 0.35]",82.945
9658,1252,10,6.0,18,False,False,False,"[0.246, 0.101, 0.389]",82.984
9658,1252,63,7.0,19,False,False,False,"[0.376, 0.298, 0.537]",83.132
9658,1252,14,8.0,19,False,False,False,"[0.492, 0.283, 0.601]",83.196
9658,1252,77,9.0,15,False,False,False,"[0.179, 0.356, 0.609]",83.204
9658,1252,11,10.0,18,False,False,False,"[0.257, 0.394, 0.669]",83.264
9658,1252,22,11.0,12,False,False,False,"[0.433, 0.434, None]",83.419
9658,1252,30,12.0,12,False,False,False,"[0.431, 0.487, None]",83.472
9658,1252,18,13.0,14,False,False,False,"[0.427, 0.799, None]",83.729
9658,1252,16,14.0,12,False,False,False,"[0.0, 0.848, None]",83.302
9658,1252,20,15.0,11,False,False,False,"[0.33, 0.892, None]",83.632
9658,1252,23,16.0,6,False,False,False,"[0.519, None, None]",83.821
9658,1252,24,17.0,6,False,False,False,"[0.578, None, None]",83.88
9658,1252,44,18.0,7,False,False,False,"[0.585, None, None]",83.887
9658,1252,43,19.0,6,False,False,False,"[0.61, None, None]",83.912
9658,1252,61,20.0,6,False,False,False,"[0.803, None, None]",84.105
9689,1254,4,1.0,20,False,False,False,"[0.0, 0.0, 0.0]",75.096
9689,1254,81,2.0,18,False,False,False,"[0.15, 0.053, 0.084]",75.18
9689,1254,1,3.0,17,False,False,False,"[0.106, 0.15, 0.385]",75.481
9689,1254,63,4.0,21,False,False,False,"[0.059, 0.383, 0.45]",75.546
9689,1254,22,5.0,18,False,False,False,"[0.313, 0.594, 0.574]",75.67
9689,1254,23,6.0,21,False,False,False,"[0.333, 0.602, 0.641]",75.737
9689,1254,16,7.0,20,False,False,False,"[0.117, 0.412, 0.659]",75.755
9689,1254,44,8.0,23,False,False,False,"[0.301, 0.504, 0.877]",75.919
9689,1254,10,9.0,21,False,False,False,"[0.416, 0.697, 0.884]",75.98
9689,1254,55,10.0,21,False,False,False,"[0.448, 0.516, 0.966]",75.931
9689,1254,6,11.0,12,False,False,False,"[0.442, 0.76, None]",76.175
9689,1254,14,12.0,13,False,False,False,"[0.376, 1.038, None]",76.288
9689,1254,18,13.0,15,False,False,False,"[0.457, 1.068, None]",76.369
9689,1254,7,14.0,15,False,False,False,"[0.403, 1.448, None]",76.315
9689,1254,5,15.0,13,False,False,False,"[0.604, 2.105, None]",76.516
9689,1254,12,16.0,9,False,False,False,"[0.613, None, None]",76.525
9689,1254,27,17.0,9,False,False,False,"[0.667, None, None]",76.579
9689,1254,30,18.0,7,False,False,False,"[1.182, None, None]",77.094
9689,1254,31,19.0,9,False,False,False,"[1.235, None, None]",77.147
9689,1254,87,,1,False,True,False,"[None, None, None]",
9994,1255,81,1.0,20,False,False,False,"[0.608, 0.413, 0.0]",90.641
9994,1255,63,2.0,22,False,False,False,"[0.312, 0.52, 0.082]",90.723
9994,1255,4,3.0,17,False,False,False,"[0.0, 0.0, 0.152]",90.787
9994,1255,1,4.0,15,False,False,False,"[0.441, 0.355, 0.176]",90.817
9994,1255,44,5.0,21,False,False,False,"[0.707, 0.714, 0.286]",90.927
9994,1255,16,6.0,21,False,False,False,"[0.596, 0.663, 0.38]",91.021
9994,1255,6,7.0,20,False,False,False,"[0.179, 0.466, 0.438]",91.079
9994,1255,12,8.0,22,False,False,False,"[0.693, 0.803, 0.462]",91.103
9994,1255,22,9.0,19,False,False,False,"[0.255, 0.473, 0.997]",91.238
9994,1255,23,10.0,20,False,False,False,"[0.52, 0.808, 1.065]",91.503
9994,1255,31,11.0,15,False,False,False,"[0.893, 0.838, None]",91.625
9994,1255,27,12.0,15,False,False,False,"[0.938, 0.845, None]",91.632
9994,1255,14,13.0,15,False,False,False,"[0.736, 0.901, None]",91.688
9994,1255,18,14.0,15,False,False,False,"[0.94, 0.986, None]",91.773
9994,1255,55,15.0,15,False,False,False,"[0.645, 1.053, None]",91.628
9994,1255,10,16.0,9,False,False,False,"[1.009, None, None]",91.992
9994,1255,87,17.0,8,False,False,False,"[1.035, None, None]",92.018
9994,1255,7,18.0,8,False,False,False,"[1.109, None, None]",92.092
9994,1255,5,19.0,9,False,False,False,"[1.158, None, None]",92.141
9994,1255,30,20.0,8,False,False,False,"[1.191, None, None]",92.174
10002,1256,1,1.0,17,False,False,False,"[0.256, 0.356, 0.0]",86.983
10002,1256,4,2.0,15,False,False,False,"[0.158, 0.0, 0.012]",86.995
10002,1256,81,3.0,18,False,False,False,"[0.0, 0.361, 0.044]",87.027
10002,1256,16,4.0,21,False,False,False,"[0.233, 0.409, 0.316]",87.299
10002,1256,63,5.0,17,False,False,False,"[0.156, 0.254, 0.335]",87.318
10002,1256,12,6.0,18,False,False,False,"[0.281, 0.493, 0.572]",87.555
10002,1256,6,7.0,18,False,False,False,"[0.591, 0.629, 0.586]",87.569
10002,1256,44,8.0,23,False,False,False,"[0.255, 0.464, 0.627]",87.61
10002,1256,23,9.0,20,False,False,False,"[0.531, 0.637, 0.632]",87.615
10002,1256,87,10.0,21,False,False,False,"[0.541, 0.565, 0.884]",87.711
10002,1256,10,11.0,12,False,False,False,"[0.499, 0.676, None]",87.822
10002,1256,55,12.0,15,False,False,False,"[0.522, 0.69, None]",87.836
10002,1256,14,13.0,12,False,False,False,"[0.65, 0.751, None]",87.897
10002,1256,30,14.0,12,False,False,False,"[0.867, 0.76, None]",87.906
10002,1256,22,15.0,12,False,False,False,"[0.28, 0.854, None]",87.967
10002,1256,27,16.0,9,False,False,False,"[0.883, None, None]",88.57
10002,1256,5,17.0,9,False,False,False,"[0.935, None, None]",88.622
10002,1256,31,18.0,9,False,False,False,"[1.009, None, None]",88.696
10002,1256,7,19.0,9,False,False,False,"[1.19, None, None]",88.877
10002,1256,18,20.0,5,False,False,False,"[1.584, None, None]",89.271
10010,1257,81,1.0,15,False,False,False,"[0.285, 0.0, 0.0]",89.841
10010,1257,63,2.0,20,False,False,False,"[0.387, 0.21, 0.168]",90.009
10010,1257,16,3.0,16,False,False,False,"[0.347, 0.27, 0.334]",90.175
10010,1257,12,4.0,20,False,False,False,"[0.308, 0.262, 0.372]",90.213
10010,1257,10,5.0,19,False,False,False,"[0.355, 0.189, 0.375]",90.216
10010,1257,4,6.0,18,False,False,False,"[0.0, 0.106, 0.426]",90.267
10010,1257,1,7.0,17,False,False,False,"[0.196, 0.565, 0.582]",90.423
10010,1257,55,8.0,19,False,False,False,"[0.484, 0.39, 0.839]",90.68
10010,1257,44,9.0,18,False,False,False,"[0.112, 0.555, 0.931]",90.772
10010,1257,22,10.0,17,False,False,False,"[0.644, 0.774, 1.462]",91.228
10010,1257,7,11.0,13,False,False,False,"[0.307, 0.791, None]",91.245
10010,1257,6,12.0,12,False,False,False,"[0.484, 0.817, None]",91.271
10010,1257,14,13.0,15,False,False,False,"[0.527, 1.432, None]",91.634
10010,1257,31,14.0,8,True,False,False,"[0.487, None, None]",91.594
10010,1257,23,15.0,6,False,False,False,"[0.933, None, None]",92.04
10010,1257,27,16.0,17,False,False,False,"[0.96, None, None]",92.067
10010,1257,30,17.0,6,False,False,False,"[1.058, None, None]",92.165
10010,1257,5,18.0,6,False,False,False,"[1.079, None, None]",92.186
10010,1257,18,19.0,9,False,False,False,"[1.176, None, None]",92.283
10010,1257,87,20.0,6,False,False,False,"[1.266, None, None]",92.373
10018,1258,1,1.0,19,False,False,False,"[0.0, 0.048, 0.0]",87.294
10018,1258,81,2.0,18,False,False,False,"[0.123, 0.064, 0.01]",87.304
10018,1258,63,3.0,16,False,False,False,"[0.504, 0.118, 0.113]",87.407
10018,1258,16,4.0,19,False,False,False,"[0.774, 0.385, 0.376]",87.67
10018,1258,12,5.0,17,False,False,False,"[0.35, 0.317, 0.572]",87.798
10018,1258,55,6.0,23,False,False,False,"[0.576, 0.543, 0.87]",88.024
10018,1258,44,7.0,20,False,False,False,"[0.594, 0.621, 0.907]",88.102
10018,1258,22,8.0,16,False,False,False,"[0.448, 0.509, 0.91]",87.99
10018,1258,10,9.0,22,False,False,False,"[0.643, 0.544, 1.073]",88.025
10018,1258,4,10.0,11,True,False,False,"[0.027, 0.0, None]",87.481
10018,1258,23,11.0,14,False,False,False,"[0.501, 0.628, None]",88.109
10018,1258,30,12.0,11,False,False,False,"[0.783, 0.71, None]",88.191
10018,1258,14,13.0,14,False,False,False,"[0.77, 0.822, None]",88.303
10018,1258,6,14.0,12,False,False,False,"[0.793, 0.937, None]",88.418
10018,1258,87,15.0,15,False,False,False,"[0.758, 1.167, None]",88.536
10018,1258,18,16.0,9,False,False,False,"[0.867, None, None]",88.645
10018,1258,7,17.0,9,False,False,False,"[0.961, None, None]",88.739
10018,1258,27,18.0,8,False,False,False,"[1.004, None, None]",88.782
10018,1258,31,19.0,9,False,False,False,"[1.314, None, None]",89.092
10018,1258,5,20.0,8,False,False,False,"[1.684, None, None]",89.462
10029,1259,1,1.0,18,False,False,False,"[0.0, 0.374, 0.0]",86.204
10029,1259,4,2.0,21,False,False,False,"[0.085, 0.23, 0.065]",86.269
10029,1259,12,3.0,20,False,False,False,"[0.207, 0.337, 0.067]",86.271
10029,1259,81,4.0,16,False,False,False,"[0.136, 0.0, 0.171]",86.269
10029,1259,63,5.0,20,False,False,False,"[0.144, 0.306, 0.181]",86.385
10029,1259,55,6.0,20,False,False,False,"[0.228, 0.578, 0.365]",86.569
10029,1259,23,7.0,20,False,False,False,"[0.172, 0.586, 0.478]",86.682
10029,1259,16,8.0,20,False,False,False,"[0.547, 0.679, 0.55]",86.754
10029,1259,31,9.0,21,False,False,False,"[0.58, 0.698, 0.62]",86.824
10029,1259,22,10.0,21,False,False,False,"[0.428, 0.69, 0.739]",86.943
10029,1259,6,11.0,13,False,False,False,"[0.431, 0.718, None]",86.987
10029,1259,44,12.0,15,False,False,False,"[0.409, 0.737, None]",87.006
10029,1259,5,13.0,15,False,False,False,"[0.473, 0.882, None]",87.151
10029,1259,7,14.0,15,False,False,False,"[0.552, 0.917, None]",87.186
10029,1259,30,15.0,14,False,False,False,"[0.574, 1.094, None]",87.363
10029,1259,27,16.0,9,False,False,False,"[0.603, None, None]",87.473
10029,1259,14,17.0,9,False,False,False,"[0.734, None, None]",87.604
10029,1259,10,18.0,9,False,False,False,"[0.84, None, None]",87.71
10029,1259,18,19.0,9,False,False,False,"[0.96, None, None]",87.83
10029,1259,87,20.0,9,False,False,False,"[1.129, None, None]",87.999
9983,1260,81,1.0,18,False,False,False,"[0.325, 0.016, 0.0]",74.67
9983,1260,1,2.0,17,False,False,False,"[0.0, 0.196, 0.034]",74.704
9983,1260,63,3.0,17,False,False,False,"[0.677, 0.136, 0.137]",74.807
9983,1260,4,4.0,19,False,False,False,"[0.719, 0.063, 0.292]",74.962
9983,1260,14,5.0,19,False,False,False,"[0.52, 0.244, 0.761]",75.431
9983,1260,55,6.0,21,False,False,False,"[0.812, 0.0, 0.762]",75.198
9983,1260,23,7.0,20,False,False,False,"[0.948, 0.323, 0.803]",75.473
9983,1260,18,8.0,21,False,False,False,"[0.642, 0.299, 0.911]",75.497
9983,1260,6,9.0,17,False,False,False,"[1.078, 0.312, 1.076]",75.51
9983,1260,10,10.0,17,False,False,False,"[0.762, 0.307, 1.117]",75.505
9983,1260,16,11.0,14,False,False,False,"[0.933, 0.406, None]",75.604
9983,1260,44,12.0,14,False,False,False,"[0.988, 0.567, None]",75.765
9983,1260,12,13.0,13,False,False,False,"[0.768, 0.574, None]",75.772
9983,1260,5,14.0,15,False,False,False,"[1.165, 1.062, None]",76.26
9983,1260,43,15.0,5,False,False,False,"[1.081, None, None]",76.256
9983,1260,30,16.0,6,False,False,False,"[1.204, None, None]",76.379
9983,1260,27,17.0,9,False,False,False,"[1.343, None, None]",76.518
9983,1260,31,18.0,9,False,False,False,"[1.438, None, None]",76.613
9983,1260,87,19.0,8,False,False,False,"[1.743, None, None]",76.918
9983,1260,22,,2,True,False,False,"[None, None, None]",
9975,1261,4,1.0,27,False,False,False,"[0.056, 0.0, 0.0]",69.954
9975,1261,16,2.0,27,False,False,False,"[0.0, 0.011, 0.109]",70.063
9975,1261,81,3.0,29,False,False,False,"[0.079, 0.288, 0.175]",70.129
9975,1261,44,4.0,28,False,False,False,"[0.346, 0.313, 0.428]",70.382
9975,1261,1,5.0,21,False,False,False,"[0.202, 0.305, 0.715]",70.669
9975,1261,6,6.0,27,False,False,False,"[0.582, 0.47, 0.969]",70.923
9975,1261,14,7.0,30,False,False,False,"[0.445, 0.612, 0.97]",70.924
9975,1261,31,8.0,32,False,False,False,"[0.61, 0.692, 0.988]",70.942
9975,1261,30,9.0,26,False,False,False,"[0.589, 0.68, 1.175]",71.129
9975,1261,23,10.0,34,False,False,False,"[0.4, 0.162, 1.259]",70.732
9975,1261,55,11.0,25,False,False,False,"[0.478, 0.792, None]",71.362
9975,1261,22,12.0,20,False,False,False,"[0.571, 0.845, None]",71.415
9975,1261,27,13.0,23,False,False,False,"[0.642, 1.026, None]",71.596
9975,1261,63,14.0,13,True,False,False,"[0.278, None, None]",71.507
9975,1261,12,15.0,11,False,False,False,"[0.651, None, None]",71.88
9975,1261,5,16.0,13,False,False,False,"[0.673, None, None]",71.902
9975,1261,87,17.0,13,False,False,False,"[0.75, None, None]",71.979
9975,1261,10,18.0,11,False,False,False,"[0.765, None, None]",71.994
9975,1261,18,19.0,11,False,False,False,"[1.334, None, None]",72.563
9975,1261,43,20.0,12,False,False,False,"[1.368, None, None]",72.597
9967,1262,81,1.0,14,False,False,False,"[0.0, 0.0, 0.0]",71.546
9967,1262,4,2.0,15,False,False,False,"[0.248, 0.058, 0.209]",71.755
9967,1262,1,3.0,12,False,False,False,"[0.247, 0.36, 0.302]",71.848
9967,1262,63,4.0,12,False,False,False,"[0.255, 0.409, 0.302]",71.848
9967,1262,44,5.0,15,False,False,False,"[0.507, 0.449, 0.499]",72.045
9967,1262,12,6.0,18,False,False,False,"[0.264, 0.587, 0.565]",72.111
9967,1262,16,7.0,12,False,False,False,"[0.463, 0.497, 0.585]",72.131
9967,1262,10,8.0,18,False,False,False,"[0.53, 0.613, 0.653]",72.199
9967,1262,6,9.0,15,False,False,False,"[0.588, 0.463, 0.706]",72.252
9967,1262,14,10.0,14,False,False,False,"[0.551, 0.525, 0.738]",72.284
9967,1262,23,11.0,14,False,False,False,"[0.493, 0.643, None]",72.641
9967,1262,5,12.0,12,False,False,False,"[0.494, 0.758, None]",72.756
9967,1262,30,13.0,12,False,False,False,"[0.488, 0.765, None]",72.763
9967,1262,18,14.0,15,False,False,False,"[0.487, 1.06, None]",73.038
9967,1262,87,15.0,15,False,False,False,"[0.523, 1.317, None]",73.074
9967,1262,27,16.0,6,False,False,False,"[0.639, None, None]",73.19
9967,1262,31,17.0,9,False,False,False,"[0.65, None, None]",73.201
9967,1262,55,18.0,6,False,False,False,"[0.652, None, None]",73.203
9967,1262,43,19.0,7,False,False,False,"[0.783, None, None]",73.334
9967,1262,22,20.0,6,False,False,False,"[0.834, None, None]",73.385
9959,1263,63,1.0,21,False,False,False,"[0.249, 0.0, 0.0]",70.899
9959,1263,1,2.0,20,False,False,False,"[0.228, 0.068, 0.16]",71.059
9959,1263,81,3.0,23,False,False,False,"[0.113, 0.145, 0.221]",71.12
9959,1263,12,4.0,21,False,False,False,"[0.453, 0.404, 0.492]",71.391
9959,1263,44,5.0,27,False,False,False,"[0.126, 0.315, 0.627]",71.526
9959,1263,14,6.0,27,False,False,False,"[0.247, 0.235, 0.687]",71.586
9959,1263,4,7.0,22,False,False,False,"[0.0, 0.029, 0.726]",71.599
9959,1263,16,8.0,27,False,False,False,"[0.212, 0.056, 0.783]",71.626
9959,1263,6,9.0,21,False,False,False,"[0.385, 0.433, 0.968]",71.867
9959,1263,23,10.0,30,False,False,False,"[0.264, 0.322, 1.008]",71.892
9959,1263,22,11.0,15,False,False,False,"[0.508, 0.532, None]",72.102
9959,1263,43,12.0,20,False,False,False,"[0.408, 0.572, None]",72.142
9959,1263,27,13.0,18,False,False,False,"[0.497, 0.613, None]",72.183
9959,1263,87,14.0,19,False,False,False,"[0.48, 0.77, None]",72.306
9959,1263,31,15.0,21,False,False,False,"[0.552, 1.064, None]",72.378
9959,1263,5,16.0,11,False,False,False,"[0.559, None, None]",72.385
9959,1263,55,17.0,13,False,False,False,"[0.572, None, None]",72.398
9959,1263,18,18.0,12,False,False,False,"[0.691, None, None]",72.517
9959,1263,30,19.0,10,False,False,False,"[0.699, None, None]",72.525
9959,1263,10,20.0,12,False,False,False,"[0.841, None, None]",72.667
9951,1264,4,1.0,18,False,False,False,"[0.0, 0.0, 0.0]",63.971
9951,1264,16,2.0,21,False,False,False,"[0.525, 0.324, 0.521]",64.492
9951,1264,81,3.0,19,False,False,False,"[0.294, 0.146, 0.583]",64.554
9951,1264,44,4.0,21,False,False,False,"[0.443, 0.486, 0.611]",64.582
9951,1264,63,5.0,18,False,False,False,"[0.517, 0.45, 0.792]",64.763
9951,1264,30,6.0,17,False,False,False,"[0.345, 0.631, 0.955]",64.926
9951,1264,1,7.0,18,False,False,False,"[0.434, 0.426, 0.958]",64.836
9951,1264,5,8.0,21,False,False,False,"[0.451, 0.436, 1.161]",64.846
9951,1264,12,9.0,17,False,False,False,"[0.506, 0.642, 1.305]",65.052
9951,1264,10,10.0,21,False,False,False,"[0.382, 0.436, 1.678]",64.846
9951,1264,14,11.0,14,False,False,False,"[0.525, 0.718, None]",65.128
9951,1264,23,12.0,18,False,False,False,"[0.471, 0.795, None]",65.143
9951,1264,6,13.0,12,False,False,False,"[0.391, 0.816, None]",65.063
9951,1264,43,14.0,15,False,False,False,"[0.606, 0.878, None]",65.278
9951,1264,87,15.0,15,False,False,False,"[0.546, 0.902, None]",65.218
9951,1264,18,16.0,9,False,False,False,"[0.657, None, None]",65.329
9951,1264,31,17.0,9,False,False,False,"[0.692, None, None]",65.364
9951,1264,22,18.0,6,False,False,False,"[0.697, None, None]",65.369
9951,1264,55,19.0,12,False,False,False,"[0.91, None, None]",65.582
9951,1264,27,20.0,9,False,False,False,"[0.934, None, None]",65.606
9943,1277,1,1.0,18,False,False,False,"[0.0, 0.232, 0.0]",84.892
9943,1277,81,2.0,21,False,False,False,"[0.077, 0.232, 0.103]",84.995
9943,1277,4,3.0,20,False,False,False,"[0.237, 0.147, 0.118]",85.01
9943,1277,63,4.0,19,False,False,False,"[0.35, 0.553, 0.137]",85.029
9943,1277,44,5.0,19,False,False,False,"[0.41, 0.0, 0.203]",85.084
9943,1277,16,6.0,21,False,False,False,"[0.3, 0.049, 0.229]",85.121
9943,1277,12,7.0,18,False,False,False,"[0.379, 0.536, 0.482]",85.374
9943,1277,87,8.0,18,False,False,False,"[0.119, 0.45, 0.579]",85.471
9943,1277,14,9.0,15,False,False,False,"[0.222, 0.509, 0.729]",85.593
9943,1277,10,10.0,21,False,False,False,"[0.442, 0.627, 0.893]",85.711
9943,1277,55,11.0,12,False,False,False,"[0.289, 0.662, None]",85.746
9943,1277,22,12.0,13,False,False,False,"[0.389, 0.742, None]",85.826
9943,1277,6,13.0,12,False,False,False,"[0.291, 0.78, None]",85.864
9943,1277,23,14.0,13,False,False,False,"[0.207, 0.805, None]",85.889
9943,1277,31,15.0,12,False,False,False,"[0.25, 0.866, None]",85.95
9943,1277,30,16.0,6,False,False,False,"[0.554, None, None]",86.44
9943,1277,5,17.0,9,False,False,False,"[0.56, None, None]",86.446
9943,1277,18,18.0,9,False,False,False,"[0.618, None, None]",86.504
9943,1277,27,19.0,9,False,False,False,"[0.688, None, None]",86.574
9943,1277,43,20.0,6,False,False,False,"[1.174, None, None]",87.06
9935,1265,4,1.0,20,False,False,False,"[0.0, 0.089, 0.0]",100.562
9935,1265,81,2.0,21,False,False,False,"[0.191, 0.0, 0.085]",100.626
9935,1265,16,3.0,18,False,False,False,"[0.625, 0.458, 0.338]",100.9
9935,1265,1,4.0,15,False,False,False,"[0.324, 0.325, 0.341]",100.903
9935,1265,23,5.0,20,False,False,False,"[0.762, 0.879, 0.639]",101.201
9935,1265,63,6.0,18,False,False,False,"[0.774, 0.628, 0.698]",101.254
9935,1265,22,7.0,17,False,False,False,"[0.83, 0.619, 0.722]",101.245
9935,1265,6,8.0,19,False,False,False,"[0.562, 0.655, 0.748]",101.281
9935,1265,30,9.0,20,False,False,False,"[0.738, 0.671, 0.766]",101.297
9935,1265,5,10.0,18,False,False,False,"[0.898, 0.71, 1.825]",101.336
9935,1265,31,11.0,14,False,False,False,"[0.874, 0.899, None]",101.525
9935,1265,87,12.0,13,False,False,False,"[0.607, 0.991, None]",101.617
9935,1265,10,13.0,14,False,False,False,"[0.79, 1.007, None]",101.633
9935,1265,27,14.0,14,False,False,False,"[0.834, 1.081, None]",101.707
9935,1265,55,15.0,13,False,False,False,"[0.681, 1.132, None]",101.691
9935,1265,44,16.0,8,False,False,False,"[0.929, None, None]",101.939
9935,1265,43,17.0,8,False,False,False,"[1.012, None, None]",102.022
9935,1265,12,18.0,6,False,False,False,"[1.129, None, None]",102.139
9935,1265,14,19.0,8,False,False,False,"[1.375, None, None]",102.385
9935,1265,18,20.0,8,False,False,False,"[1.492, None, None]",102.502
9924,1266,16,1.0,18,False,False,False,"[0.371, 0.565, 0.0]",75.372
9924,1266,81,2.0,18,False,False,False,"[0.0, 0.051, 0.026]",74.941
9924,1266,4,3.0,18,False,False,False,"[0.312, 0.0, 0.041]",74.89
9924,1266,63,4.0,15,False,False,False,"[0.416, 0.311, 0.053]",75.201
9924,1266,14,5.0,15,False,False,False,"[0.07, 0.505, 0.109]",75.281
9924,1266,18,6.0,18,False,False,False,"[0.462, 0.239, 0.126]",75.129
9924,1266,5,7.0,18,False,False,False,"[0.375, 0.797, 0.353]",75.586
9924,1266,1,8.0,18,False,False,False,"[0.525, 0.657, 0.356]",75.547
9924,1266,30,9.0,18,False,False,False,"[0.638, 0.74, 0.449]",75.63
9924,1266,6,10.0,15,False,False,False,"[0.305, 0.579, 0.543]",75.469
9924,1266,87,11.0,12,False,False,False,"[0.539, 0.804, None]",75.694
9924,1266,44,12.0,12,False,False,False,"[0.522, 0.812, None]",75.702
9924,1266,55,13.0,15,False,False,False,"[0.441, 0.891, None]",75.652
9924,1266,43,14.0,12,False,False,False,"[0.664, 1.269, None]",75.875
9924,1266,12,15.0,9,False,False,False,"[0.571, 1.496, None]",75.782
9924,1266,22,16.0,6,False,False,False,"[0.688, None, None]",75.899
9924,1266,10,17.0,6,False,False,False,"[0.755, None, None]",75.966
9924,1266,31,18.0,6,False,False,False,"[0.812, None, None]",76.023
9924,1266,27,19.0,6,False,False,False,"[0.87, None, None]",76.081
9924,1266,23,20.0,9,False,False,False,"[1.012, None, None]",76.223
9916,1267,81,1.0,18,False,False,False,"[0.0, 0.09, 0.0]",68.662
9916,1267,4,2.0,18,False,False,False,"[0.131, 0.0, 0.012]",68.674
9916,1267,1,3.0,18,False,False,False,"[0.358, 0.248, 0.263]",68.925
9916,1267,6,4.0,18,False,False,False,"[0.628, 0.565, 0.546]",69.208
9916,1267,63,5.0,18,False,False,False,"[0.338, 0.439, 0.593]",69.255
9916,1267,16,6.0,22,False,False,False,"[0.568, 0.43, 0.678]",69.304
9916,1267,44,7.0,21,False,False,False,"[0.562, 0.387, 0.728]",69.261
9916,1267,30,8.0,18,False,False,False,"[0.441, 0.509, 0.838]",69.383
9916,1267,55,9.0,18,False,False,False,"[0.642, 0.598, 0.843]",69.472
9916,1267,14,10.0,17,False,False,False,"[0.612, 0.492, 0.968]",69.366
9916,1267,12,11.0,12,False,False,False,"[0.507, 0.619, None]",69.493
9916,1267,22,12.0,15,False,False,False,"[0.616, 0.748, None]",69.622
9916,1267,5,13.0,12,False,False,False,"[0.699, 0.748, None]",69.622
9916,1267,10,14.0,15,False,False,False,"[0.556, 0.763, None]",69.637
9916,1267,23,15.0,12,False,False,False,"[0.454, 0.778, None]",69.652
9916,1267,43,16.0,9,False,False,False,"[0.766, None, None]",70.104
9916,1267,27,17.0,9,False,False,False,"[0.857, None, None]",70.195
9916,1267,31,18.0,9,False,False,False,"[0.859, None, None]",70.197
9916,1267,87,19.0,9,False,False,False,"[0.924, None, None]",70.262
9916,1267,18,,2,True,False,False,"[None, None, None]",
9908,1268,1,1.0,18,False,False,False,"[0.041, 0.0, 0.0]",78.792
9908,1268,4,2.0,21,False,False,False,"[0.103, 0.153, 0.077]",78.869
9908,1268,81,3.0,19,False,False,False,"[0.297, 0.146, 0.19]",78.982
9908,1268,16,4.0,20,False,False,False,"[0.275, 0.17, 0.215]",79.007
9908,1268,44,5.0,20,False,False,False,"[0.351, 0.231, 0.332]",79.124
9908,1268,63,6.0,18,False,False,False,"[0.0, 0.147, 0.365]",79.157
9908,1268,12,7.0,22,False,False,False,"[0.333, 0.105, 0.408]",79.2
9908,1268,5,8.0,21,False,False,False,"[0.274, 0.183, 0.598]",79.323
9908,1268,14,9.0,20,False,False,False,"[0.244, 0.222, 0.632]",79.362
9908,1268,22,10.0,18,False,False,False,"[0.205, 0.293, 0.727]",79.433
9908,1268,87,11.0,15,False,False,False,"[0.274, 0.306, None]",79.446
9908,1268,27,12.0,15,False,False,False,"[0.363, 0.358, None]",79.498
9908,1268,55,13.0,19,False,False,False,"[0.23, 0.388, None]",79.528
9908,1268,23,14.0,16,False,False,False,"[0.423, 0.443, None]",79.583
9908,1268,31,15.0,15,False,False,False,"[0.402, 0.567, None]",79.707
9908,1268,6,16.0,6,False,False,False,"[0.503, None, None]",79.917
9908,1268,18,17.0,9,False,False,False,"[0.534, None, None]",79.948
9908,1268,43,18.0,9,False,False,False,"[0.578, None, None]",79.992
9908,1268,10,19.0,9,False,False,False,"[0.689, None, None]",80.103
9908,1268,30,20.0,5,False,False,False,"[0.865, None, None]",80.279
9900,1269,1,1.0,23,False,False,False,"[0.009, 0.0, 0.0]",101.117
9900,1269,55,2.0,23,False,False,False,"[1.313, 0.42, 0.478]",101.595
9900,1269,30,3.0,26,False,False,False,"[0.935, 0.282, 0.59]",101.537
9900,1269,12,4.0,21,False,False,False,"[0.925, 0.209, 0.6]",101.464
9900,1269,63,5.0,22,False,False,False,"[0.324, 0.2, 0.953]",101.455
9900,1269,22,6.0,23,False,False,False,"[1.025, 0.533, 1.026]",101.788
9900,1269,4,7.0,21,False,False,False,"[0.0, 0.141, 1.122]",101.322
9900,1269,6,8.0,25,False,False,False,"[0.334, 0.392, 1.255]",101.647
9900,1269,81,9.0,18,True,False,False,"[0.517, 0.159, None]",101.414
9900,1269,16,10.0,19,True,False,False,"[0.136, 0.264, None]",101.458
9900,1269,14,11.0,18,False,False,False,"[0.889, 0.602, None]",101.857
9900,1269,44,12.0,17,False,False,False,"[0.499, 0.928, None]",101.821
9900,1269,5,13.0,16,False,False,False,"[1.189, 1.022, None]",102.277
9900,1269,18,14.0,16,False,False,False,"[0.779, 1.806, None]",102.101
9900,1269,87,15.0,11,True,False,False,"[1.344, None, None]",102.666
9900,1269,43,16.0,8,False,False,False,"[1.457, None, None]",102.779
9900,1269,27,17.0,8,False,False,False,"[1.594, None, None]",102.916
9900,1269,10,18.0,8,False,False,False,"[1.817, None, None]",103.139
9900,1269,23,19.0,4,False,False,False,"[2.456, None, None]",103.778
9900,1269,31,,0,False,False,False,"[None, None, None]",
9892,1270,63,1.0,18,False,False,False,"[0.163, 0.0, 0.0]",89.158
9892,1270,1,2.0,18,False,False,False,"[0.263, 0.01, 0.182]",89.34
9892,1270,81,3.0,20,False,False,False,"[0.548, 0.251, 0.366]",89.524
9892,1270,12,4.0,17,False,False,False,"[0.271, 0.087, 0.379]",89.537
9892,1270,4,5.0,20,False,False,False,"[0.167, 0.247, 0.428]",89.586
9892,1270,44,6.0,20,False,False,False,"[0.0, 0.374, 0.53]",89.688
9892,1270,16,7.0,22,False,False,False,"[0.605, 0.352, 0.626]",89.784
9892,1270,6,8.0,19,False,False,False,"[0.449, 0.454, 0.688]",89.846
9892,1270,87,9.0,17,False,False,False,"[0.655, 0.514, 0.71]",89.868
9892,1270,14,10.0,18,False,False,False,"[0.98, 0.492, 0.797]",89.955
9892,1270,27,11.0,15,False,False,False,"[0.95, 0.579, None]",90.141
9892,1270,30,12.0,14,False,False,False,"[0.916, 0.758, None]",90.32
9892,1270,22,13.0,12,False,False,False,"[0.809, 0.791, None]",90.353
9892,1270,5,14.0,8,False,False,False,"[1.055, None, None]",90.82
9892,1270,18,15.0,9,False,False,False,"[1.184, None, None]",90.949
9892,1270,43,16.0,9,False,False,False,"[1.217, None, None]",90.982
9892,1270,31,17.0,6,False,False,False,"[1.224, None, None]",90.989
9892,1270,10,18.0,8,False,False,False,"[1.496, None, None]",91.261
9892,1270,23,,0,False,False,False,"[None, 0.64, None]",90.202
9892,1270,55,,0,False,False,False,"[None, 0.673, None]",90.235
9884,1271,1,1.0,14,False,False,False,"[0.0, 0.0, 0.0]",92.51
9884,1271,4,2.0,20,False,False,False,"[0.636, 0.175, 0.291]",92.801
9884,1271,16,3.0,17,False,False,False,"[0.318, 0.168, 0.297]",92.807
9884,1271,63,4.0,19,False,False,False,"[0.104, 0.357, 0.316]",92.826
9884,1271,44,5.0,18,False,False,False,"[0.478, 0.213, 0.402]",92.912
9884,1271,81,6.0,19,False,False,False,"[0.539, 0.527, 0.574]",93.084
9884,1271,12,7.0,18,False,False,False,"[0.294, 0.343, 0.604]",93.044
9884,1271,87,8.0,19,False,False,False,"[0.714, 0.537, 0.629]",93.139
9884,1271,55,9.0,20,False,False,False,"[0.532, 0.423, 0.64]",93.124
9884,1271,14,10.0,18,False,False,False,"[0.534, 0.536, 0.65]",93.16
9884,1271,27,11.0,14,False,False,False,"[0.344, 0.633, None]",93.334
9884,1271,30,12.0,14,False,False,False,"[0.342, 0.659, None]",93.36
9884,1271,22,13.0,13,False,False,False,"[0.728, 0.765, None]",93.466
9884,1271,10,14.0,14,False,False,False,"[0.392, 0.95, None]",93.599
9884,1271,43,15.0,14,False,False,False,"[0.832, 1.343, None]",94.039
9884,1271,5,16.0,8,False,False,False,"[0.918, None, None]",94.125
9884,1271,31,17.0,8,False,False,False,"[0.929, None, None]",94.136
9884,1271,18,18.0,7,False,False,False,"[1.333, None, None]",94.54
9884,1271,23,19.0,9,False,False,False,"[1.483, None, None]",94.69
9884,1271,6,,2,True,False,False,"[None, None, None]",
9873,1272,4,1.0,21,False,False,False,"[0.166, 0.0, 0.0]",75.586
9873,1272,16,2.0,20,False,False,False,"[0.291, 0.406, 0.262]",75.848
9873,1272,44,3.0,21,False,False,False,"[0.003, 0.206, 0.352]",75.938
9873,1272,63,4.0,18,False,False,False,"[0.162, 0.285, 0.448]",76.034
9873,1272,1,5.0,18,False,False,False,"[0.343, 0.353, 0.484]",76.07
9873,1272,12,6.0,18,False,False,False,"[0.558, 0.521, 0.532]",76.118
9873,1272,55,7.0,18,False,False,False,"[0.438, 0.355, 0.586]",76.172
9873,1272,81,8.0,20,False,False,False,"[0.425, 0.485, 0.588]",76.174
9873,1272,6,9.0,18,False,False,False,"[0.0, 0.552, 0.666]",76.252
9873,1272,87,10.0,21,False,False,False,"[0.307, 0.535, 0.874]",76.46
9873,1272,22,11.0,12,False,False,False,"[0.501, 0.564, None]",76.816
9873,1272,31,12.0,15,False,False,False,"[0.215, 0.585, None]",76.837
9873,1272,27,13.0,15,False,False,False,"[0.518, 0.764, None]",77.016
9873,1272,14,14.0,15,False,False,False,"[0.499, 0.851, None]",77.103
9873,1272,30,15.0,13,False,False,False,"[0.228, 1.82, None]",76.961
9873,1272,5,16.0,9,False,False,False,"[0.679, None, None]",77.412
9873,1272,23,17.0,9,False,False,False,"[0.757, None, None]",77.49
9873,1272,10,18.0,9,False,False,False,"[0.813, None, None]",77.546
9873,1272,18,19.0,9,False,False,False,"[0.873, None, None]",77.606
9873,1272,43,20.0,8,False,False,False,"[0.937, None, None]",77.67
9865,1273,4,1.0,21,False,False,False,"[0.0, 0.0, 0.0]",69.511
9865,1273,12,2.0,16,False,False,False,"[0.536, 0.158, 0.174]",69.685
9865,1273,16,3.0,22,False,False,False,"[0.278, 0.185, 0.294]",69.801
9865,1273,81,4.0,19,False,False,False,"[0.272, 0.219, 0.375]",69.835
9865,1273,6,5.0,21,False,False,False,"[0.427, 0.354, 0.42]",69.931
9865,1273,63,6.0,16,False,False,False,"[0.279, 0.264, 0.431]",69.88
9865,1273,30,7.0,21,False,False,False,"[0.452, 0.334, 0.451]",69.95
9865,1273,87,8.0,19,False,False,False,"[0.235, 0.139, 0.466]",69.755
9865,1273,10,9.0,21,False,False,False,"[0.229, 0.241, 0.491]",69.857
9865,1273,27,10.0,23,False,False,False,"[0.681, 0.369, 0.528]",69.985
9865,1273,14,11.0,15,False,False,False,"[0.525, 0.385, None]",70.001
9865,1273,23,12.0,18,False,False,False,"[0.459, 0.437, None]",70.053
9865,1273,44,13.0,16,False,False,False,"[0.36, 0.484, None]",70.016
9865,1273,18,14.0,15,False,False,False,"[0.385, 0.545, None]",70.041
9865,1273,55,15.0,17,False,False,False,"[0.528, 0.856, None]",70.184
9865,1273,1,16.0,9,False,False,False,"[0.747, None, None]",70.403
9865,1273,31,17.0,9,False,False,False,"[0.782, None, None]",70.438
9865,1273,43,18.0,9,False,False,False,"[0.976, None, None]",70.632
9865,1273,22,19.0,9,False,False,False,"[1.055, None, None]",70.711
9854,1274,4,1.0,25,False,False,False,"[2.329, 0.444, 0.0]",107.934
9854,1274,1,2.0,24,False,False,False,"[0.314, 0.658, 0.323]",108.257
9854,1274,55,3.0,24,False,False,False,"[1.729, 0.209, 0.362]",108.296
9854,1274,63,4.0,25,False,False,False,"[0.0, 0.0, 0.869]",108.803
9854,1274,81,5.0,23,False,False,False,"[1.4, 1.191, 1.027]",108.961
9854,1274,30,6.0,25,False,False,False,"[1.684, 0.686, 1.128]",109.062
9854,1274,14,7.0,25,False,False,False,"[0.595, 0.93, 1.532]",109.466
9854,1274,6,8.0,25,False,False,False,"[2.469, 0.185, 1.62]",109.554
9854,1274,16,9.0,24,False,False,False,"[1.67, 1.017, 1.938]",109.872
9854,1274,10,10.0,25,False,False,False,"[1.288, 0.825, 3.606]",111.54
9854,1274,27,11.0,18,False,False,False,"[1.411, 1.846, None]",112.781
9854,1274,18,12.0,18,False,False,False,"[1.272, 1.915, None]",112.85
9854,1274,31,13.0,17,False,False,False,"[1.491, 2.052, None]",112.987
9854,1274,87,14.0,17,False,False,False,"[2.872, 2.159, None]",113.094
9854,1274,43,15.0,17,False,False,False,"[1.703, 2.748, None]",113.683
9854,1274,23,16.0,8,False,False,False,"[3.076, None, None]",116.22
9854,1274,12,17.0,8,False,False,False,"[3.17, None, None]",116.314
9854,1274,5,18.0,9,False,False,False,"[3.53, None, None]",116.674
9854,1274,22,19.0,9,False,False,False,"[3.654, None, None]",116.798
9854,1274,44,20.0,9,False,False,False,"[3.971, None, None]",117.115
9846,1275,81,1.0,18,False,False,False,"[0.16, 0.0, 0.0]",79.387
9846,1275,4,2.0,17,False,False,False,"[0.083, 0.211, 0.108]",79.495
9846,1275,1,3.0,23,False,False,False,"[0.398, 0.335, 0.264]",79.651
9846,1275,63,4.0,26,False,False,False,"[0.0, 0.536, 0.275]",79.662
9846,1275,12,5.0,22,False,False,False,"[0.502, 0.434, 0.459]",79.846
9846,1275,6,6.0,20,False,False,False,"[0.529, 0.7, 0.727]",80.114
9846,1275,55,7.0,25,False,False,False,"[0.446, 0.601, 0.9]",80.251
9846,1275,14,8.0,21,False,False,False,"[0.524, 0.569, 1.031]",80.219
9846,1275,10,9.0,21,False,False,False,"[0.607, 0.674, 1.09]",80.324
9846,1275,16,10.0,23,False,False,False,"[0.49, 0.693, 1.174]",80.343
9846,1275,27,11.0,20,False,False,False,"[0.556, 0.703, None]",80.353
9846,1275,30,12.0,15,False,False,False,"[0.465, 0.783, None]",80.433
9846,1275,87,13.0,20,False,False,False,"[0.474, 0.788, None]",80.438
9846,1275,5,14.0,20,False,False,False,"[0.579, 0.884, None]",80.534
9846,1275,23,15.0,19,False,False,False,"[0.555, 0.979, None]",80.629
9846,1275,22,16.0,9,False,False,False,"[0.687, None, None]",80.761
9846,1275,31,17.0,11,False,False,False,"[0.79, None, None]",80.864
9846,1275,44,18.0,9,False,False,False,"[0.833, None, None]",80.907
9846,1275,18,19.0,10,False,False,False,"[0.984, None, None]",81.058
9846,1275,43,20.0,9,False,False,False,"[1.063, None, None]",81.137
9835,1276,1,1.0,18,False,False,False,"[0.272, 0.022, 0.0]",82.207
9835,1276,4,2.0,17,False,False,False,"[0.573, 0.074, 0.201]",82.408
9835,1276,81,3.0,17,False,False,False,"[0.0, 0.291, 0.23]",82.437
9835,1276,63,4.0,18,False,False,False,"[0.642, 0.0, 0.438]",82.645
9835,1276,16,5.0,18,False,False,False,"[0.558, 0.218, 0.523]",82.73
9835,1276,14,6.0,18,False,False,False,"[0.466, 0.131, 0.695]",82.861
9835,1276,5,7.0,21,False,False,False,"[0.769, 0.144, 0.697]",82.874
9835,1276,31,8.0,18,False,False,False,"[0.729, 0.293, 0.706]",82.913
9835,1276,6,9.0,18,False,False,False,"[0.768, 0.267, 0.865]",82.997
9835,1276,22,10.0,17,True,False,False,"[0.781, 0.304, None]",83.034
9835,1276,87,11.0,11,False,False,False,"[0.649, 0.311, None]",83.041
9835,1276,55,12.0,12,False,False,False,"[0.582, 0.312, None]",83.042
9835,1276,30,13.0,14,False,False,False,"[0.66, 0.347, None]",83.077
9835,1276,12,14.0,12,False,False,False,"[0.289, 0.35, None]",82.894
9835,1276,18,15.0,15,False,False,False,"[0.711, 0.367, None]",83.097
9835,1276,44,16.0,9,False,False,False,"[0.789, None, None]",83.394
9835,1276,23,17.0,6,False,False,False,"[0.811, None, None]",83.416
9835,1276,27,18.0,9,False,False,False,"[0.845, None, None]",83.45
9835,1276,10,19.0,9,False,False,False,"[0.863, None, None]",83.468
9835,1276,43,20.0,9,False,False,False,"[1.285, None, None]",83.89
