session_key,meeting_key,driver_number,position,number_of_laps,dnf,dns,dsq,gap_to_leader,points,best_time
7953,1141,1,1.0,57.0,False,False,False,0,25.0,5636.736
7953,1141,11,2.0,57.0,False,False,False,11.987,18.0,5648.723
7953,1141,14,3.0,57.0,False,False,False,38.637,15.0,5675.373
7953,1141,55,4.0,57.0,False,False,False,48.052,12.0,5684.788
7953,1141,44,5.0,57.0,False,False,False,50.977,10.0,5687.713
7953,1141,18,6.0,57.0,False,False,False,54.502,8.0,5691.238
7953,1141,63,7.0,57.0,False,False,False,55.873,6.0,5692.609
7953,1141,77,8.0,57.0,False,False,False,72.647,4.0,5709.383
7953,1141,10,9.0,57.0,False,False,False,73.753,2.0,5710.489
7953,1141,23,10.0,57.0,False,False,False,89.774,1.0,5726.51
7953,1141,22,11.0,57.0,False,False,False,90.87,0.0,5727.606
7953,1141,2,12.0,56.0,False,False,False,+1 LAP,0.0,
7953,1141,20,13.0,56.0,False,False,False,+1 LAP,0.0,
7953,1141,21,14.0,56.0,False,False,False,+1 LAP,0.0,
7953,1141,27,15.0,56.0,False,False,False,+1 LAP,0.0,
7953,1141,24,16.0,56.0,False,False,False,+1 LAP,0.0,
7953,1141,4,17.0,55.0,False,False,False,+2 LAPS,0.0,
7953,1141,31,,41.0,True,False,False,,0.0,
7953,1141,16,,39.0,True,False,False,,0.0,
7953,1141,81,,13.0,True,False,False,,0.0,
7779,1142,11,1.0,50.0,False,False,False,0,25.0,4874.894
7779,1142,1,2.0,50.0,False,False,False,5.355,0.0,4880.249
7779,1142,14,3.0,50.0,False,False,False,20.728,15.0,4895.622
7779,1142,63,4.0,50.0,False,False,False,25.866,12.0,4900.76
7779,1142,44,5.0,50.0,False,False,False,31.065,10.0,4905.959
7779,1142,55,6.0,50.0,False,False,False,35.876,8.0,4910.77
7779,1142,16,7.0,50.0,False,False,False,43.162,6.0,4918.056
7779,1142,31,8.0,50.0,False,False,False,52.832,4.0,4927.726
7779,1142,10,9.0,50.0,False,False,False,54.747,2.0,4929.641
7779,1142,20,10.0,50.0,False,False,False,64.826,1.0,4939.72
7779,1142,22,11.0,50.0,False,False,False,67.494,0.0,4942.388
7779,1142,27,12.0,50.0,False,False,False,70.588,0.0,4945.482
7779,1142,24,13.0,50.0,False,False,False,76.06,0.0,4950.954
7779,1142,21,14.0,50.0,False,False,False,77.478,0.0,4952.372
7779,1142,81,15.0,50.0,False,False,False,85.021,0.0,4959.915
7779,1142,2,16.0,50.0,False,False,False,86.293,0.0,4961.187
7779,1142,4,17.0,50.0,False,False,False,86.445,0.0,4961.339
7779,1142,77,18.0,49.0,False,False,False,+1 LAP,0.0,
7779,1142,23,,27.0,True,False,False,,0.0,
7779,1142,18,,16.0,True,False,False,,0.0,
7787,1143,1,1.0,58.0,False,False,False,0.0,25.0,9158.371
7787,1143,44,2.0,58.0,False,False,False,0.179,18.0,9158.55
7787,1143,14,3.0,58.0,False,False,False,0.769,15.0,9159.14
7787,1143,18,4.0,58.0,False,False,False,3.082,12.0,9161.453
7787,1143,11,5.0,58.0,False,False,False,3.32,11.0,9161.691
7787,1143,4,6.0,58.0,False,False,False,3.701,8.0,9162.072
7787,1143,27,7.0,58.0,False,False,False,4.939,6.0,9163.31
7787,1143,81,8.0,58.0,False,False,False,5.382,4.0,9163.753
7787,1143,24,9.0,58.0,False,False,False,5.713,2.0,9164.084
7787,1143,22,10.0,58.0,False,False,False,6.052,1.0,9164.423
7787,1143,77,11.0,58.0,False,False,False,6.513,0.0,9164.884
7787,1143,55,12.0,58.0,False,False,False,6.594,0.0,9164.965
7787,1143,10,13.0,56.0,True,False,False,,0.0,
7787,1143,31,14.0,56.0,True,False,False,,0.0,
7787,1143,21,15.0,56.0,True,False,False,,0.0,
7787,1143,2,16.0,56.0,True,False,False,,0.0,
7787,1143,20,17.0,52.0,True,False,False,,0.0,
7787,1143,63,,17.0,True,False,False,,0.0,
7787,1143,23,,6.0,True,False,False,,0.0,
7787,1143,16,,0.0,True,False,False,,0.0,
9070,1207,11,1.0,51.0,False,False,False,0,25.0,5562.436
9070,1207,1,2.0,51.0,False,False,False,2.137,18.0,5564.573
9070,1207,16,3.0,51.0,False,False,False,21.217,15.0,5583.653
9070,1207,14,4.0,51.0,False,False,False,22.024,12.0,5584.46
9070,1207,55,5.0,51.0,False,False,False,45.491,10.0,5607.927
9070,1207,44,6.0,51.0,False,False,False,46.145,8.0,5608.581
9070,1207,18,7.0,51.0,False,False,False,51.617,6.0,5614.053
9070,1207,63,8.0,51.0,False,False,False,74.24,5.0,5636.676
9070,1207,4,9.0,51.0,False,False,False,80.376,2.0,5642.812
9070,1207,22,10.0,51.0,False,False,False,83.862,1.0,5646.298
9070,1207,81,11.0,51.0,False,False,False,86.501,0.0,5648.937
9070,1207,23,12.0,51.0,False,False,False,88.623,0.0,5651.059
9070,1207,20,13.0,51.0,False,False,False,89.729,0.0,5652.165
9070,1207,10,14.0,51.0,False,False,False,91.332,0.0,5653.768
9070,1207,31,15.0,51.0,False,False,False,97.794,0.0,5660.23
9070,1207,2,16.0,51.0,False,False,False,100.943,0.0,5663.379
9070,1207,27,17.0,50.0,False,False,False,+1 LAP,0.0,
9070,1207,77,18.0,50.0,False,False,False,+1 LAP,0.0,
9070,1207,24,,36.0,True,False,False,,0.0,
9070,1207,21,,9.0,True,False,False,,0.0,
9078,1208,1,1.0,57.0,False,False,False,0,26.0,5258.241
9078,1208,11,2.0,57.0,False,False,False,5.384,18.0,5263.625
9078,1208,14,3.0,57.0,False,False,False,26.305,15.0,5284.546
9078,1208,63,4.0,57.0,False,False,False,33.229,12.0,5291.47
9078,1208,55,5.0,57.0,False,False,False,42.511,10.0,5300.752
9078,1208,44,6.0,57.0,False,False,False,51.249,8.0,5309.49
9078,1208,16,7.0,57.0,False,False,False,52.988,6.0,5311.229
9078,1208,10,8.0,57.0,False,False,False,55.67,4.0,5313.911
9078,1208,31,9.0,57.0,False,False,False,58.123,2.0,5316.364
9078,1208,20,10.0,57.0,False,False,False,62.945,1.0,5321.186
9078,1208,22,11.0,57.0,False,False,False,64.309,0.0,5322.55
9078,1208,18,12.0,57.0,False,False,False,64.754,0.0,5322.995
9078,1208,77,13.0,57.0,False,False,False,71.637,0.0,5329.878
9078,1208,23,14.0,57.0,False,False,False,72.861,0.0,5331.102
9078,1208,27,15.0,57.0,False,False,False,74.95,0.0,5333.191
9078,1208,24,16.0,57.0,False,False,False,78.44,0.0,5336.681
9078,1208,4,17.0,57.0,False,False,False,87.717,0.0,5345.958
9078,1208,21,18.0,57.0,False,False,False,88.949,0.0,5347.19
9078,1208,81,19.0,56.0,False,False,False,+1 LAP,0.0,
9078,1208,2,20.0,56.0,False,False,False,+1 LAP,0.0,
9094,1210,1,1.0,78.0,False,False,False,0,25.0,6531.98
9094,1210,14,2.0,78.0,False,False,False,27.921,18.0,6559.901
9094,1210,31,3.0,78.0,False,False,False,36.99,15.0,6568.97
9094,1210,44,4.0,78.0,False,False,False,39.062,13.0,6571.042
9094,1210,63,5.0,78.0,False,False,False,56.284,10.0,6588.264
9094,1210,16,6.0,78.0,False,False,False,61.89,8.0,6593.87
9094,1210,10,7.0,78.0,False,False,False,62.362,6.0,6594.342
9094,1210,55,8.0,78.0,False,False,False,63.391,4.0,6595.371
9094,1210,4,9.0,77.0,False,False,False,+1 LAP,2.0,
9094,1210,81,10.0,77.0,False,False,False,+1 LAP,1.0,
9094,1210,77,11.0,77.0,False,False,False,+1 LAP,0.0,
9094,1210,21,12.0,77.0,False,False,False,+1 LAP,0.0,
9094,1210,24,13.0,77.0,False,False,False,+1 LAP,0.0,
9094,1210,23,14.0,77.0,False,False,False,+1 LAP,0.0,
9094,1210,22,15.0,76.0,False,False,False,+2 LAPS,0.0,
9094,1210,11,16.0,76.0,False,False,False,+2 LAPS,0.0,
9094,1210,27,17.0,76.0,False,False,False,+2 LAPS,0.0,
9094,1210,2,18.0,76.0,False,False,False,+2 LAPS,0.0,
9094,1210,20,19.0,70.0,True,False,False,,0.0,
9094,1210,18,,53.0,True,False,False,,0.0,
9102,1211,1,1.0,66.0,False,False,False,0,26.0,5277.94
9102,1211,44,2.0,66.0,False,False,False,24.09,18.0,5302.03
9102,1211,63,3.0,66.0,False,False,False,32.389,15.0,5310.329
9102,1211,11,4.0,66.0,False,False,False,35.812,12.0,5313.752
9102,1211,55,5.0,66.0,False,False,False,45.698,10.0,5323.638
9102,1211,18,6.0,66.0,False,False,False,63.32,8.0,5341.26
9102,1211,14,7.0,66.0,False,False,False,64.127,6.0,5342.067
9102,1211,31,8.0,66.0,False,False,False,69.242,4.0,5347.182
9102,1211,24,9.0,66.0,False,False,False,71.878,2.0,5349.818
9102,1211,10,10.0,66.0,False,False,False,73.53,1.0,5351.47
9102,1211,16,11.0,66.0,False,False,False,74.419,0.0,5352.359
9102,1211,22,12.0,66.0,False,False,False,75.416,0.0,5353.356
9102,1211,81,13.0,65.0,False,False,False,+1 LAP,0.0,
9102,1211,21,14.0,65.0,False,False,False,+1 LAP,0.0,
9102,1211,27,15.0,65.0,False,False,False,+1 LAP,0.0,
9102,1211,23,16.0,65.0,False,False,False,+1 LAP,0.0,
9102,1211,4,17.0,65.0,False,False,False,+1 LAP,0.0,
9102,1211,20,18.0,65.0,False,False,False,+1 LAP,0.0,
9102,1211,77,19.0,65.0,False,False,False,+1 LAP,0.0,
9102,1211,2,20.0,65.0,False,False,False,+1 LAP,0.0,
9110,1212,1,1.0,70.0,False,False,False,0,25.0,5638.348
9110,1212,14,2.0,70.0,False,False,False,9.57,18.0,5647.918
9110,1212,44,3.0,70.0,False,False,False,14.168,15.0,5652.516
9110,1212,16,4.0,70.0,False,False,False,18.648,12.0,5656.996
9110,1212,55,5.0,70.0,False,False,False,21.54,10.0,5659.888
9110,1212,11,6.0,70.0,False,False,False,51.028,9.0,5689.376
9110,1212,23,7.0,70.0,False,False,False,60.813,6.0,5699.161
9110,1212,31,8.0,70.0,False,False,False,61.692,4.0,5700.04
9110,1212,18,9.0,70.0,False,False,False,64.402,2.0,5702.75
9110,1212,77,10.0,70.0,False,False,False,64.432,1.0,5702.78
9110,1212,81,11.0,70.0,False,False,False,65.101,0.0,5703.449
9110,1212,10,12.0,70.0,False,False,False,65.249,0.0,5703.597
9110,1212,4,13.0,70.0,False,False,False,68.363,0.0,5706.711
9110,1212,22,14.0,70.0,False,False,False,73.423,0.0,5711.771
9110,1212,27,15.0,69.0,False,False,False,+1 LAP,0.0,
9110,1212,24,16.0,69.0,False,False,False,+1 LAP,0.0,
9110,1212,20,17.0,69.0,False,False,False,+1 LAP,0.0,
9110,1212,21,18.0,69.0,False,False,False,+1 LAP,0.0,
9110,1212,63,,53.0,True,False,False,,0.0,
9110,1212,2,,6.0,True,False,False,,0.0,
9118,1213,1,1.0,71.0,False,False,False,0,26.0,5133.607
9118,1213,16,2.0,71.0,False,False,False,5.155,18.0,5138.762
9118,1213,11,3.0,71.0,False,False,False,17.188,15.0,5150.795
9118,1213,4,4.0,71.0,False,False,False,26.327,12.0,5159.934
9118,1213,14,5.0,71.0,False,False,False,30.317,10.0,5163.924
9118,1213,55,6.0,71.0,False,False,False,31.377,8.0,5164.984
9118,1213,63,7.0,71.0,False,False,False,48.403,6.0,5182.01
9118,1213,44,8.0,71.0,False,False,False,49.196,4.0,5182.803
9118,1213,18,9.0,71.0,False,False,False,59.043,2.0,5192.65
9118,1213,10,10.0,71.0,False,False,False,67.667,1.0,5201.274
9118,1213,23,11.0,71.0,False,False,False,79.767,0.0,5213.374
9118,1213,24,12.0,70.0,False,False,False,+1 LAP,0.0,
9118,1213,2,13.0,70.0,False,False,False,+1 LAP,0.0,
9118,1213,31,14.0,70.0,False,False,False,+1 LAP,0.0,
9118,1213,77,15.0,70.0,False,False,False,+1 LAP,0.0,
9118,1213,81,16.0,70.0,False,False,False,+1 LAP,0.0,
9118,1213,21,17.0,70.0,False,False,False,+1 LAP,0.0,
9118,1213,20,18.0,70.0,False,False,False,+1 LAP,0.0,
9118,1213,22,19.0,70.0,False,False,False,+1 LAP,0.0,
9118,1213,27,,12.0,True,False,False,,0.0,
9126,1214,1,1.0,52.0,False,False,False,0.0,26.0,5116.938
9126,1214,4,2.0,52.0,False,False,False,3.798,18.0,5120.736
9126,1214,44,3.0,52.0,False,False,False,6.783,15.0,5123.721
9126,1214,81,4.0,52.0,False,False,False,7.776,12.0,5124.714
9126,1214,63,5.0,52.0,False,False,False,11.206,10.0,5128.144
9126,1214,11,6.0,52.0,False,False,False,12.882,8.0,5129.82
9126,1214,14,7.0,52.0,False,False,False,17.193,6.0,5134.131
9126,1214,23,8.0,52.0,False,False,False,17.878,4.0,5134.816
9126,1214,16,9.0,52.0,False,False,False,18.689,2.0,5135.627
9126,1214,55,10.0,52.0,False,False,False,19.448,1.0,5136.386
9126,1214,2,11.0,52.0,False,False,False,23.632,0.0,5140.57
9126,1214,77,12.0,52.0,False,False,False,25.83,0.0,5142.768
9126,1214,27,13.0,52.0,False,False,False,26.663,0.0,5143.601
9126,1214,18,14.0,52.0,False,False,False,27.483,0.0,5144.421
9126,1214,24,15.0,52.0,False,False,False,29.82,0.0,5146.758
9126,1214,22,16.0,52.0,False,False,False,31.225,0.0,5148.163
9126,1214,21,17.0,52.0,False,False,False,33.128,0.0,5150.066
9126,1214,10,18.0,46.0,True,False,False,,0.0,
9126,1214,20,,31.0,True,False,False,,0.0,
9126,1214,31,,9.0,True,False,False,,0.0,
9133,1215,1,1.0,70.0,False,False,False,0,26.0,5888.634
9133,1215,4,2.0,70.0,False,False,False,33.731,18.0,5922.365
9133,1215,11,3.0,70.0,False,False,False,37.603,15.0,5926.237
9133,1215,44,4.0,70.0,False,False,False,39.134,12.0,5927.768
9133,1215,81,5.0,70.0,False,False,False,62.572,10.0,5951.206
9133,1215,63,6.0,70.0,False,False,False,65.825,8.0,5954.459
9133,1215,16,7.0,70.0,False,False,False,70.317,6.0,5958.951
9133,1215,55,8.0,70.0,False,False,False,71.073,4.0,5959.707
9133,1215,14,9.0,70.0,False,False,False,75.709,2.0,5964.343
9133,1215,18,10.0,69.0,False,False,False,+1 LAP,1.0,
9133,1215,23,11.0,69.0,False,False,False,+1 LAP,0.0,
9133,1215,77,12.0,69.0,False,False,False,+1 LAP,0.0,
9133,1215,3,13.0,69.0,False,False,False,+1 LAP,0.0,
9133,1215,27,14.0,69.0,False,False,False,+1 LAP,0.0,
9133,1215,22,15.0,69.0,False,False,False,+1 LAP,0.0,
9133,1215,24,16.0,69.0,False,False,False,+1 LAP,0.0,
9133,1215,20,17.0,69.0,False,False,False,+1 LAP,0.0,
9133,1215,2,18.0,67.0,True,False,False,,0.0,
9133,1215,31,,2.0,True,False,False,,0.0,
9133,1215,10,,1.0,True,False,False,,0.0,
9141,1216,1,1.0,44.0,False,False,False,0.0,25.0,4950.45
9141,1216,11,2.0,44.0,False,False,False,22.305,18.0,4972.755
9141,1216,16,3.0,44.0,False,False,False,32.259,15.0,4982.709
9141,1216,44,4.0,44.0,False,False,False,49.671,13.0,5000.121
9141,1216,14,5.0,44.0,False,False,False,56.184,10.0,5006.634
9141,1216,63,6.0,44.0,False,False,False,63.101,8.0,5013.551
9141,1216,4,7.0,44.0,False,False,False,73.719,6.0,5024.169
9141,1216,31,8.0,44.0,False,False,False,74.719,4.0,5025.169
9141,1216,18,9.0,44.0,False,False,False,79.34,2.0,5029.79
9141,1216,22,10.0,44.0,False,False,False,80.221,1.0,5030.671
9141,1216,10,11.0,44.0,False,False,False,83.084,0.0,5033.534
9141,1216,77,12.0,44.0,False,False,False,85.191,0.0,5035.641
9141,1216,24,13.0,44.0,False,False,False,95.441,0.0,5045.891
9141,1216,23,14.0,44.0,False,False,False,96.184,0.0,5046.634
9141,1216,20,15.0,44.0,False,False,False,101.754,0.0,5052.204
9141,1216,3,16.0,44.0,False,False,False,103.071,0.0,5053.521
9141,1216,2,17.0,44.0,False,False,False,104.476,0.0,5054.926
9141,1216,27,18.0,44.0,False,False,False,110.45,0.0,5060.9
9141,1216,55,,23.0,True,False,False,,0.0,
9141,1216,81,,0.0,True,False,False,,0.0,
9149,1217,1,1.0,72.0,False,False,False,0.0,25.0,8644.411
9149,1217,14,2.0,72.0,False,False,False,3.744,19.0,8648.155
9149,1217,10,3.0,72.0,False,False,False,7.058,15.0,8651.469
9149,1217,11,4.0,72.0,False,False,False,10.068,12.0,8654.479
9149,1217,55,5.0,72.0,False,False,False,12.541,10.0,8656.952
9149,1217,44,6.0,72.0,False,False,False,13.209,8.0,8657.62
9149,1217,4,7.0,72.0,False,False,False,13.232,6.0,8657.643
9149,1217,23,8.0,72.0,False,False,False,15.155,4.0,8659.566
9149,1217,81,9.0,72.0,False,False,False,16.58,2.0,8660.991
9149,1217,31,10.0,72.0,False,False,False,18.346,1.0,8662.757
9149,1217,18,11.0,72.0,False,False,False,20.087,0.0,8664.498
9149,1217,27,12.0,72.0,False,False,False,20.84,0.0,8665.251
9149,1217,40,13.0,72.0,False,False,False,26.147,0.0,8670.558
9149,1217,77,14.0,72.0,False,False,False,27.388,0.0,8671.799
9149,1217,22,15.0,72.0,False,False,False,29.893,0.0,8674.304
9149,1217,20,16.0,72.0,False,False,False,31.41,0.0,8675.821
9149,1217,63,17.0,72.0,False,False,False,55.754,0.0,8700.165
9149,1217,24,,62.0,True,False,False,,0.0,
9149,1217,16,,41.0,True,False,False,,0.0,
9149,1217,2,,14.0,True,False,False,,0.0,
9157,1218,1,1.0,51.0,False,False,False,0,25.0,4421.143
9157,1218,11,2.0,51.0,False,False,False,6.064,18.0,4427.207
9157,1218,55,3.0,51.0,False,False,False,11.193,15.0,4432.336
9157,1218,16,4.0,51.0,False,False,False,11.377,12.0,4432.52
9157,1218,63,5.0,51.0,False,False,False,23.028,10.0,4444.171
9157,1218,44,6.0,51.0,False,False,False,42.679,8.0,4463.822
9157,1218,23,7.0,51.0,False,False,False,45.106,6.0,4466.249
9157,1218,4,8.0,51.0,False,False,False,45.449,4.0,4466.592
9157,1218,14,9.0,51.0,False,False,False,46.294,2.0,4467.437
9157,1218,77,10.0,51.0,False,False,False,64.056,1.0,4485.199
9157,1218,40,11.0,51.0,False,False,False,70.638,0.0,4491.781
9157,1218,81,12.0,51.0,False,False,False,73.074,0.0,4494.217
9157,1218,2,13.0,51.0,False,False,False,78.557,0.0,4499.7
9157,1218,24,14.0,51.0,False,False,False,80.164,0.0,4501.307
9157,1218,10,15.0,51.0,False,False,False,82.51,0.0,4503.653
9157,1218,18,16.0,51.0,False,False,False,87.266,0.0,4508.409
9157,1218,27,17.0,50.0,False,False,False,+1 LAP,0.0,
9157,1218,20,18.0,50.0,False,False,False,+1 LAP,0.0,
9157,1218,31,,39.0,True,False,False,,0.0,
9157,1218,22,,0.0,False,True,False,,0.0,
9165,1219,55,1.0,62.0,False,False,False,0.0,25.0,6397.418
9165,1219,4,2.0,62.0,False,False,False,0.812,18.0,6398.23
9165,1219,44,3.0,62.0,False,False,False,1.269,16.0,6398.687
9165,1219,16,4.0,62.0,False,False,False,21.177,12.0,6418.595
9165,1219,1,5.0,62.0,False,False,False,21.441,10.0,6418.859
9165,1219,10,6.0,62.0,False,False,False,38.441,8.0,6435.859
9165,1219,81,7.0,62.0,False,False,False,41.479,6.0,6438.897
9165,1219,11,8.0,62.0,False,False,False,59.534,4.0,6456.952
9165,1219,40,9.0,62.0,False,False,False,65.918,2.0,6463.336
9165,1219,20,10.0,62.0,False,False,False,72.116,1.0,6469.534
9165,1219,23,11.0,62.0,False,False,False,73.417,0.0,6470.835
9165,1219,24,12.0,62.0,False,False,False,83.649,0.0,6481.067
9165,1219,27,13.0,62.0,False,False,False,86.201,0.0,6483.619
9165,1219,2,14.0,62.0,False,False,False,86.889,0.0,6484.307
9165,1219,14,15.0,62.0,False,False,False,87.603,0.0,6485.021
9165,1219,63,16.0,61.0,True,False,False,,0.0,
9165,1219,77,,51.0,True,False,False,,0.0,
9165,1219,31,,42.0,True,False,False,,0.0,
9165,1219,22,,0.0,True,False,False,,0.0,
9173,1220,1,1.0,53.0,False,False,False,0,26.0,5458.421
9173,1220,4,2.0,53.0,False,False,False,19.387,18.0,5477.808
9173,1220,81,3.0,53.0,False,False,False,36.494,15.0,5494.915
9173,1220,16,4.0,53.0,False,False,False,43.998,12.0,5502.419
9173,1220,44,5.0,53.0,False,False,False,49.376,10.0,5507.797
9173,1220,55,6.0,53.0,False,False,False,50.221,8.0,5508.642
9173,1220,63,7.0,53.0,False,False,False,57.659,6.0,5516.08
9173,1220,14,8.0,53.0,False,False,False,74.725,4.0,5533.146
9173,1220,31,9.0,53.0,False,False,False,79.678,2.0,5538.099
9173,1220,10,10.0,53.0,False,False,False,83.155,1.0,5541.576
9173,1220,40,11.0,52.0,False,False,False,+1 LAP,0.0,
9173,1220,22,12.0,52.0,False,False,False,+1 LAP,0.0,
9173,1220,24,13.0,52.0,False,False,False,+1 LAP,0.0,
9173,1220,27,14.0,52.0,False,False,False,+1 LAP,0.0,
9173,1220,20,15.0,52.0,False,False,False,+1 LAP,0.0,
9173,1220,23,,26.0,True,False,False,,0.0,
9173,1220,2,,22.0,True,False,False,,0.0,
9173,1220,18,,20.0,True,False,False,,0.0,
9173,1220,11,,15.0,True,False,False,,0.0,
9173,1220,77,,7.0,True,False,False,,0.0,
9221,1221,1,1.0,57.0,False,False,False,0,26.0,5259.168
9221,1221,81,2.0,57.0,False,False,False,4.833,18.0,5264.001
9221,1221,4,3.0,57.0,False,False,False,5.969,15.0,5265.137
9221,1221,63,4.0,57.0,False,False,False,34.119,12.0,5293.287
9221,1221,16,5.0,57.0,False,False,False,38.976,10.0,5298.144
9221,1221,14,6.0,57.0,False,False,False,49.032,8.0,5308.2
9221,1221,31,7.0,57.0,False,False,False,62.39,6.0,5321.558
9221,1221,77,8.0,57.0,False,False,False,66.563,4.0,5325.731
9221,1221,24,9.0,57.0,False,False,False,76.127,2.0,5335.295
9221,1221,11,10.0,57.0,False,False,False,80.181,1.0,5339.349
9221,1221,18,11.0,57.0,False,False,False,81.652,0.0,5340.82
9221,1221,10,12.0,57.0,False,False,False,82.3,0.0,5341.468
9221,1221,23,13.0,57.0,False,False,False,91.014,0.0,5350.182
9221,1221,20,14.0,56.0,False,False,False,+1 LAP,0.0,
9221,1221,22,15.0,56.0,False,False,False,+1 LAP,0.0,
9221,1221,27,16.0,56.0,False,False,False,+1 LAP,0.0,
9221,1221,40,17.0,56.0,False,False,False,+1 LAP,0.0,
9221,1221,2,,40.0,True,False,False,,0.0,
9221,1221,44,,0.0,True,False,False,,0.0,
9221,1221,55,,0.0,False,True,False,,0.0,
9213,1222,1,1.0,56.0,False,False,False,0,25.0,5721.362
9213,1222,44,,56.0,False,False,False,2.225,0.0,5723.587
9213,1222,4,2.0,56.0,False,False,False,10.73,0.0,5732.092
9213,1222,55,3.0,56.0,False,False,False,15.134,0.0,5736.496
9213,1222,11,4.0,56.0,False,False,False,18.46,0.0,5739.822
9213,1222,16,,56.0,False,False,False,24.662,0.0,5746.024
9213,1222,63,5.0,56.0,False,False,False,24.999,0.0,5746.361
9213,1222,10,6.0,56.0,False,False,False,47.996,0.0,5769.358
9213,1222,18,7.0,56.0,False,False,False,48.696,0.0,5770.058
9213,1222,22,8.0,56.0,False,False,False,74.385,0.0,5795.747
9213,1222,23,9.0,56.0,False,False,False,86.714,0.0,5808.076
9213,1222,2,10.0,56.0,False,False,False,87.998,0.0,5809.36
9213,1222,27,11.0,56.0,False,False,False,89.904,0.0,5811.266
9213,1222,77,12.0,56.0,False,False,False,98.601,0.0,5819.963
9213,1222,24,13.0,55.0,False,False,False,+1 LAP,0.0,
9213,1222,20,14.0,55.0,False,False,False,+1 LAP,0.0,
9213,1222,3,15.0,55.0,False,False,False,+1 LAP,0.0,
9213,1222,14,,49.0,True,False,False,,0.0,
9213,1222,81,,10.0,True,False,False,,0.0,
9213,1222,31,,6.0,True,False,False,,0.0,
9181,1223,1,1.0,71.0,False,False,False,0.0,25.0,7350.814
9181,1223,44,2.0,71.0,False,False,False,13.875,19.0,7364.689
9181,1223,16,3.0,71.0,False,False,False,23.124,15.0,7373.938
9181,1223,55,4.0,71.0,False,False,False,27.154,12.0,7377.968
9181,1223,4,5.0,71.0,False,False,False,33.266,10.0,7384.08
9181,1223,63,6.0,71.0,False,False,False,41.02,8.0,7391.834
9181,1223,3,7.0,71.0,False,False,False,41.57,6.0,7392.384
9181,1223,81,8.0,71.0,False,False,False,43.104,4.0,7393.918
9181,1223,23,9.0,71.0,False,False,False,48.573,2.0,7399.387
9181,1223,31,10.0,71.0,False,False,False,62.879,1.0,7413.693
9181,1223,10,11.0,71.0,False,False,False,66.208,0.0,7417.022
9181,1223,22,12.0,71.0,False,False,False,78.982,0.0,7429.796
9181,1223,27,13.0,71.0,False,False,False,80.309,0.0,7431.123
9181,1223,24,14.0,71.0,False,False,False,81.676,0.0,7432.49
9181,1223,77,15.0,71.0,False,False,False,85.597,0.0,7436.411
9181,1223,2,16.0,70.0,True,False,False,,0.0,
9181,1223,18,17.0,66.0,True,False,False,,0.0,
9181,1223,14,,47.0,True,False,False,,0.0,
9181,1223,20,,31.0,True,False,False,,0.0,
9181,1223,11,,1.0,True,False,False,,0.0,
9205,1224,1,1.0,71.0,False,False,False,0,25.0,7008.894
9205,1224,4,2.0,71.0,False,False,False,8.277,19.0,7017.171
9205,1224,14,3.0,71.0,False,False,False,34.155,15.0,7043.049
9205,1224,11,4.0,71.0,False,False,False,34.208,12.0,7043.102
9205,1224,18,5.0,71.0,False,False,False,40.845,10.0,7049.739
9205,1224,55,6.0,71.0,False,False,False,50.188,8.0,7059.082
9205,1224,10,7.0,71.0,False,False,False,56.093,6.0,7064.987
9205,1224,44,8.0,71.0,False,False,False,62.859,4.0,7071.753
9205,1224,22,9.0,71.0,False,False,False,69.88,2.0,7078.774
9205,1224,31,10.0,70.0,False,False,False,+1 LAP,1.0,
9205,1224,2,11.0,70.0,False,False,False,+1 LAP,0.0,
9205,1224,27,12.0,70.0,False,False,False,+1 LAP,0.0,
9205,1224,3,13.0,70.0,False,False,False,+1 LAP,0.0,
9205,1224,81,14.0,69.0,False,False,False,+2 LAPS,0.0,
9205,1224,63,,57.0,True,False,False,,0.0,
9205,1224,77,,39.0,True,False,False,,0.0,
9205,1224,24,,22.0,True,False,False,,0.0,
9205,1224,20,,0.0,True,False,False,,0.0,
9205,1224,23,,0.0,True,False,False,,0.0,
9205,1224,16,,0.0,False,True,False,,0.0,
9189,1225,1,1.0,50.0,False,False,False,0.0,25.0,5348.289
9189,1225,16,2.0,50.0,False,False,False,2.07,18.0,5350.359
9189,1225,11,3.0,50.0,False,False,False,2.241,15.0,5350.53
9189,1225,31,4.0,50.0,False,False,False,18.665,12.0,5366.954
9189,1225,18,5.0,50.0,False,False,False,20.067,10.0,5368.356
9189,1225,55,6.0,50.0,False,False,False,20.834,8.0,5369.123
9189,1225,44,7.0,50.0,False,False,False,21.755,6.0,5370.044
9189,1225,63,8.0,50.0,False,False,False,23.091,4.0,5371.38
9189,1225,14,9.0,50.0,False,False,False,25.964,2.0,5374.253
9189,1225,81,10.0,50.0,False,False,False,29.496,2.0,5377.785
9189,1225,10,11.0,50.0,False,False,False,34.27,0.0,5382.559
9189,1225,23,12.0,50.0,False,False,False,43.398,0.0,5391.687
9189,1225,20,13.0,50.0,False,False,False,44.825,0.0,5393.114
9189,1225,3,14.0,50.0,False,False,False,48.525,0.0,5396.814
9189,1225,24,15.0,50.0,False,False,False,50.162,0.0,5398.451
9189,1225,2,16.0,50.0,False,False,False,50.882,0.0,5399.171
9189,1225,77,17.0,50.0,False,False,False,85.35,0.0,5433.639
9189,1225,22,18.0,46.0,True,False,False,,0.0,
9189,1225,27,19.0,45.0,True,False,False,,0.0,
9189,1225,4,,2.0,True,False,False,,0.0,
9197,1226,1,1.0,58.0,False,False,False,0,26.0,5222.624
9197,1226,16,2.0,58.0,False,False,False,17.993,18.0,5240.617
9197,1226,63,3.0,58.0,False,False,False,20.328,15.0,5242.952
9197,1226,11,4.0,58.0,False,False,False,21.453,12.0,5244.077
9197,1226,4,5.0,58.0,False,False,False,24.284,10.0,5246.908
9197,1226,81,6.0,58.0,False,False,False,31.487,8.0,5254.111
9197,1226,14,7.0,58.0,False,False,False,39.512,6.0,5262.136
9197,1226,22,8.0,58.0,False,False,False,43.088,4.0,5265.712
9197,1226,44,9.0,58.0,False,False,False,44.424,2.0,5267.048
9197,1226,18,10.0,58.0,False,False,False,55.632,1.0,5278.256
9197,1226,3,11.0,58.0,False,False,False,56.229,0.0,5278.853
9197,1226,31,12.0,58.0,False,False,False,66.373,0.0,5288.997
9197,1226,10,13.0,58.0,False,False,False,70.36,0.0,5292.984
9197,1226,23,14.0,58.0,False,False,False,73.184,0.0,5295.808
9197,1226,27,15.0,58.0,False,False,False,83.696,0.0,5306.32
9197,1226,2,16.0,58.0,False,False,False,87.791,0.0,5310.415
9197,1226,24,17.0,58.0,False,False,False,89.422,0.0,5312.046
9197,1226,55,18.0,57.0,True,False,False,,0.0,
9197,1226,77,19.0,57.0,False,False,False,+1 LAP,0.0,
9197,1226,20,20.0,57.0,False,False,False,+1 LAP,0.0,
9472,1229,1,1.0,57.0,False,False,False,0,26.0,5504.742
9472,1229,11,2.0,57.0,False,False,False,22.457,18.0,5527.199
9472,1229,55,3.0,57.0,False,False,False,25.11,15.0,5529.852
9472,1229,16,4.0,57.0,False,False,False,39.669,12.0,5544.411
9472,1229,63,5.0,57.0,False,False,False,46.788,10.0,5551.53
9472,1229,4,6.0,57.0,False,False,False,48.458,8.0,5553.2
9472,1229,44,7.0,57.0,False,False,False,50.324,6.0,5555.066
9472,1229,81,8.0,57.0,False,False,False,56.082,4.0,5560.824
9472,1229,14,9.0,57.0,False,False,False,74.887,2.0,5579.629
9472,1229,18,10.0,57.0,False,False,False,93.216,1.0,5597.958
9472,1229,24,11.0,56.0,False,False,False,+1 LAP,0.0,
9472,1229,20,12.0,56.0,False,False,False,+1 LAP,0.0,
9472,1229,3,13.0,56.0,False,False,False,+1 LAP,0.0,
9472,1229,22,14.0,56.0,False,False,False,+1 LAP,0.0,
9472,1229,23,15.0,56.0,False,False,False,+1 LAP,0.0,
9472,1229,27,16.0,56.0,False,False,False,+1 LAP,0.0,
9472,1229,31,17.0,56.0,False,False,False,+1 LAP,0.0,
9472,1229,10,18.0,56.0,False,False,False,+1 LAP,0.0,
9472,1229,77,19.0,56.0,False,False,False,+1 LAP,0.0,
9472,1229,2,20.0,55.0,False,False,False,+2 LAPS,0.0,
9480,1230,1,1.0,50.0,False,False,False,0,25.0,4843.273
9480,1230,11,2.0,50.0,False,False,False,13.643,18.0,4856.916
9480,1230,16,3.0,50.0,False,False,False,18.639,16.0,4861.912
9480,1230,81,4.0,50.0,False,False,False,32.007,12.0,4875.28
9480,1230,14,5.0,50.0,False,False,False,35.759,10.0,4879.032
9480,1230,63,6.0,50.0,False,False,False,39.936,8.0,4883.209
9480,1230,38,7.0,50.0,False,False,False,42.679,6.0,4885.952
9480,1230,4,8.0,50.0,False,False,False,45.708,4.0,4888.981
9480,1230,44,9.0,50.0,False,False,False,47.391,2.0,4890.664
9480,1230,27,10.0,50.0,False,False,False,76.996,1.0,4920.269
9480,1230,23,11.0,50.0,False,False,False,88.354,0.0,4931.627
9480,1230,20,12.0,50.0,False,False,False,105.737,0.0,4949.01
9480,1230,31,13.0,49.0,False,False,False,+1 LAP,0.0,
9480,1230,2,14.0,49.0,False,False,False,+1 LAP,0.0,
9480,1230,22,15.0,49.0,False,False,False,+1 LAP,0.0,
9480,1230,3,16.0,49.0,False,False,False,+1 LAP,0.0,
9480,1230,77,17.0,49.0,False,False,False,+1 LAP,0.0,
9480,1230,24,18.0,49.0,False,False,False,+1 LAP,0.0,
9480,1230,18,,5.0,True,False,False,,0.0,
9480,1230,10,,1.0,True,False,False,,0.0,
9488,1231,55,1.0,58.0,False,False,False,0,25.0,4826.843
9488,1231,16,2.0,58.0,False,False,False,2.366,19.0,4829.209
9488,1231,4,3.0,58.0,False,False,False,5.904,15.0,4832.747
9488,1231,81,4.0,58.0,False,False,False,35.77,12.0,4862.613
9488,1231,11,5.0,58.0,False,False,False,56.309,10.0,4883.152
9488,1231,18,6.0,58.0,False,False,False,93.222,8.0,4920.065
9488,1231,22,7.0,58.0,False,False,False,95.601,6.0,4922.444
9488,1231,14,8.0,58.0,False,False,False,100.992,4.0,4927.835
9488,1231,27,9.0,58.0,False,False,False,104.553,2.0,4931.396
9488,1231,20,10.0,57.0,False,False,False,+1 LAP,1.0,
9488,1231,23,11.0,57.0,False,False,False,+1 LAP,0.0,
9488,1231,3,12.0,57.0,False,False,False,+1 LAP,0.0,
9488,1231,10,13.0,57.0,False,False,False,+1 LAP,0.0,
9488,1231,77,14.0,57.0,False,False,False,+1 LAP,0.0,
9488,1231,24,15.0,57.0,False,False,False,+1 LAP,0.0,
9488,1231,31,16.0,57.0,False,False,False,+1 LAP,0.0,
9488,1231,63,17.0,56.0,True,False,False,,0.0,
9488,1231,44,,15.0,True,False,False,,0.0,
9488,1231,1,,3.0,True,False,False,,0.0,
9496,1232,1,1.0,53.0,False,False,False,0,26.0,6863.566
9496,1232,11,2.0,53.0,False,False,False,12.535,18.0,6876.101
9496,1232,55,3.0,53.0,False,False,False,20.866,15.0,6884.432
9496,1232,16,4.0,53.0,False,False,False,26.522,12.0,6890.088
9496,1232,4,5.0,53.0,False,False,False,29.7,10.0,6893.266
9496,1232,14,6.0,53.0,False,False,False,44.272,8.0,6907.838
9496,1232,63,7.0,53.0,False,False,False,45.951,6.0,6909.517
9496,1232,81,8.0,53.0,False,False,False,47.525,4.0,6911.091
9496,1232,44,9.0,53.0,False,False,False,48.626,2.0,6912.192
9496,1232,22,10.0,52.0,False,False,False,+1 LAP,1.0,
9496,1232,27,11.0,52.0,False,False,False,+1 LAP,0.0,
9496,1232,18,12.0,52.0,False,False,False,+1 LAP,0.0,
9496,1232,20,13.0,52.0,False,False,False,+1 LAP,0.0,
9496,1232,77,14.0,52.0,False,False,False,+1 LAP,0.0,
9496,1232,31,15.0,52.0,False,False,False,+1 LAP,0.0,
9496,1232,10,16.0,52.0,False,False,False,+1 LAP,0.0,
9496,1232,2,17.0,52.0,False,False,False,+1 LAP,0.0,
9496,1232,24,,12.0,True,False,False,,0.0,
9496,1232,3,,0.0,True,False,False,,0.0,
9496,1232,23,,0.0,True,False,False,,0.0,
9673,1233,1,1.0,56.0,False,False,False,0.0,25.0,6052.554
9673,1233,4,2.0,56.0,False,False,False,13.773,18.0,6066.327
9673,1233,11,3.0,56.0,False,False,False,19.16,15.0,6071.714
9673,1233,16,4.0,56.0,False,False,False,23.623,12.0,6076.177
9673,1233,55,5.0,56.0,False,False,False,33.983,10.0,6086.537
9673,1233,63,6.0,56.0,False,False,False,38.724,8.0,6091.278
9673,1233,14,7.0,56.0,False,False,False,43.414,7.0,6095.968
9673,1233,81,8.0,56.0,False,False,False,56.198,4.0,6108.752
9673,1233,44,9.0,56.0,False,False,False,57.986,2.0,6110.54
9673,1233,27,10.0,56.0,False,False,False,60.476,1.0,6113.03
9673,1233,31,11.0,56.0,False,False,False,62.812,0.0,6115.366
9673,1233,23,12.0,56.0,False,False,False,65.506,0.0,6118.06
9673,1233,10,13.0,56.0,False,False,False,69.223,0.0,6121.777
9673,1233,24,14.0,56.0,False,False,False,71.689,0.0,6124.243
9673,1233,18,15.0,56.0,False,False,False,82.786,0.0,6135.34
9673,1233,20,16.0,56.0,False,False,False,87.533,0.0,6140.087
9673,1233,2,17.0,56.0,False,False,False,95.11,0.0,6147.664
9673,1233,3,,33.0,True,False,False,,0.0,
9673,1233,22,,26.0,True,False,False,,0.0,
9673,1233,77,,19.0,True,False,False,,0.0,
9507,1234,4,1.0,57.0,False,False,False,0.0,25.0,5449.876
9507,1234,1,2.0,57.0,False,False,False,7.612,18.0,5457.488
9507,1234,16,3.0,57.0,False,False,False,9.92,15.0,5459.796
9507,1234,11,4.0,57.0,False,False,False,14.65,12.0,5464.526
9507,1234,55,5.0,57.0,False,False,False,16.407,10.0,5466.283
9507,1234,44,6.0,57.0,False,False,False,16.585,8.0,5466.461
9507,1234,22,7.0,57.0,False,False,False,26.185,6.0,5476.061
9507,1234,63,8.0,57.0,False,False,False,34.789,4.0,5484.665
9507,1234,14,9.0,57.0,False,False,False,37.107,2.0,5486.983
9507,1234,31,10.0,57.0,False,False,False,39.746,1.0,5489.622
9507,1234,27,11.0,57.0,False,False,False,40.789,0.0,5490.665
9507,1234,10,12.0,57.0,False,False,False,44.958,0.0,5494.834
9507,1234,81,13.0,57.0,False,False,False,49.756,0.0,5499.632
9507,1234,24,14.0,57.0,False,False,False,49.979,0.0,5499.855
9507,1234,3,15.0,57.0,False,False,False,50.956,0.0,5500.832
9507,1234,77,16.0,57.0,False,False,False,52.356,0.0,5502.232
9507,1234,18,17.0,57.0,False,False,False,55.173,0.0,5505.049
9507,1234,23,18.0,57.0,False,False,False,76.091,0.0,5525.967
9507,1234,20,19.0,57.0,False,False,False,84.683,0.0,5534.559
9507,1234,2,,27.0,True,False,False,,0.0,
9515,1235,1,1.0,63.0,False,False,False,0,25.0,5125.252
9515,1235,4,2.0,63.0,False,False,False,0.725,18.0,5125.977
9515,1235,16,3.0,63.0,False,False,False,7.916,15.0,5133.168
9515,1235,81,4.0,63.0,False,False,False,14.132,12.0,5139.384
9515,1235,55,5.0,63.0,False,False,False,22.325,10.0,5147.577
9515,1235,44,6.0,63.0,False,False,False,35.104,8.0,5160.356
9515,1235,63,7.0,63.0,False,False,False,47.154,7.0,5172.406
9515,1235,11,8.0,63.0,False,False,False,54.776,4.0,5180.028
9515,1235,18,9.0,63.0,False,False,False,79.556,2.0,5204.808
9515,1235,22,10.0,62.0,False,False,False,+1 LAP,1.0,
9515,1235,27,11.0,62.0,False,False,False,+1 LAP,0.0,
9515,1235,20,12.0,62.0,False,False,False,+1 LAP,0.0,
9515,1235,3,13.0,62.0,False,False,False,+1 LAP,0.0,
9515,1235,31,14.0,62.0,False,False,False,+1 LAP,0.0,
9515,1235,24,15.0,62.0,False,False,False,+1 LAP,0.0,
9515,1235,10,16.0,62.0,False,False,False,+1 LAP,0.0,
9515,1235,2,17.0,62.0,False,False,False,+1 LAP,0.0,
9515,1235,77,18.0,62.0,False,False,False,+1 LAP,0.0,
9515,1235,14,19.0,62.0,False,False,False,+1 LAP,0.0,
9515,1235,23,,51.0,True,False,False,,0.0,
9523,1236,16,1.0,78.0,False,False,False,0,25.0,8595.554
9523,1236,81,2.0,78.0,False,False,False,7.152,18.0,8602.706
9523,1236,55,3.0,78.0,False,False,False,7.585,15.0,8603.139
9523,1236,4,4.0,78.0,False,False,False,8.65,12.0,8604.204
9523,1236,63,5.0,78.0,False,False,False,13.309,10.0,8608.863
9523,1236,1,6.0,78.0,False,False,False,13.853,8.0,8609.407
9523,1236,44,7.0,78.0,False,False,False,14.908,7.0,8610.462
9523,1236,22,8.0,77.0,False,False,False,+1 LAP,4.0,
9523,1236,23,9.0,77.0,False,False,False,+1 LAP,2.0,
9523,1236,10,10.0,77.0,False,False,False,+1 LAP,1.0,
9523,1236,14,11.0,76.0,False,False,False,+2 LAPS,0.0,
9523,1236,3,12.0,76.0,False,False,False,+2 LAPS,0.0,
9523,1236,77,13.0,76.0,False,False,False,+2 LAPS,0.0,
9523,1236,18,14.0,76.0,False,False,False,+2 LAPS,0.0,
9523,1236,2,15.0,76.0,False,False,False,+2 LAPS,0.0,
9523,1236,24,16.0,76.0,False,False,False,+2 LAPS,0.0,
9523,1236,31,,0.0,True,False,False,,0.0,
9523,1236,11,,0.0,True,False,False,,0.0,
9523,1236,27,,0.0,True,False,False,,0.0,
9523,1236,20,,0.0,True,False,False,,0.0,
9531,1237,1,1.0,70.0,False,False,False,0,25.0,6347.927
9531,1237,4,2.0,70.0,False,False,False,3.879,18.0,6351.806
9531,1237,63,3.0,70.0,False,False,False,4.317,15.0,6352.244
9531,1237,44,4.0,70.0,False,False,False,4.915,13.0,6352.842
9531,1237,81,5.0,70.0,False,False,False,10.199,10.0,6358.126
9531,1237,14,6.0,70.0,False,False,False,17.51,8.0,6365.437
9531,1237,18,7.0,70.0,False,False,False,23.625,6.0,6371.552
9531,1237,3,8.0,70.0,False,False,False,28.672,4.0,6376.599
9531,1237,10,9.0,70.0,False,False,False,30.021,2.0,6377.948
9531,1237,31,10.0,70.0,False,False,False,30.313,1.0,6378.24
9531,1237,27,11.0,70.0,False,False,False,30.824,0.0,6378.751
9531,1237,20,12.0,70.0,False,False,False,31.253,0.0,6379.18
9531,1237,77,13.0,70.0,False,False,False,40.487,0.0,6388.414
9531,1237,22,14.0,70.0,False,False,False,52.694,0.0,6400.621
9531,1237,24,15.0,69.0,False,False,False,+1 LAP,0.0,
9531,1237,55,,52.0,True,False,False,,0.0,
9531,1237,23,,52.0,True,False,False,,0.0,
9531,1237,11,,51.0,True,False,False,,0.0,
9531,1237,16,,40.0,True,False,False,,0.0,
9531,1237,2,,23.0,True,False,False,,0.0,
9539,1238,1,1.0,66.0,False,False,False,0,25.0,5300.227
9539,1238,4,2.0,66.0,False,False,False,2.219,19.0,5302.446
9539,1238,44,3.0,66.0,False,False,False,17.79,15.0,5318.017
9539,1238,63,4.0,66.0,False,False,False,22.32,12.0,5322.547
9539,1238,16,5.0,66.0,False,False,False,22.709,10.0,5322.936
9539,1238,55,6.0,66.0,False,False,False,31.028,8.0,5331.255
9539,1238,81,7.0,66.0,False,False,False,33.76,6.0,5333.987
9539,1238,11,8.0,66.0,False,False,False,59.524,4.0,5359.751
9539,1238,10,9.0,66.0,False,False,False,62.025,2.0,5362.252
9539,1238,31,10.0,66.0,False,False,False,71.889,1.0,5372.116
9539,1238,27,11.0,66.0,False,False,False,79.215,0.0,5379.442
9539,1238,14,12.0,65.0,False,False,False,+1 LAP,0.0,
9539,1238,24,13.0,65.0,False,False,False,+1 LAP,0.0,
9539,1238,18,14.0,65.0,False,False,False,+1 LAP,0.0,
9539,1238,3,15.0,65.0,False,False,False,+1 LAP,0.0,
9539,1238,77,16.0,65.0,False,False,False,+1 LAP,0.0,
9539,1238,20,17.0,65.0,False,False,False,+1 LAP,0.0,
9539,1238,23,18.0,65.0,False,False,False,+1 LAP,0.0,
9539,1238,22,19.0,65.0,False,False,False,+1 LAP,0.0,
9539,1238,2,20.0,64.0,False,False,False,+2 LAPS,0.0,
9550,1239,63,1.0,71.0,False,False,False,0,25.0,5062.798
9550,1239,81,2.0,71.0,False,False,False,1.906,18.0,5064.704
9550,1239,55,3.0,71.0,False,False,False,4.533,15.0,5067.331
9550,1239,44,4.0,71.0,False,False,False,23.142,12.0,5085.94
9550,1239,1,5.0,71.0,False,False,False,37.253,10.0,5100.051
9550,1239,27,6.0,71.0,False,False,False,54.088,8.0,5116.886
9550,1239,11,7.0,71.0,False,False,False,54.672,6.0,5117.47
9550,1239,20,8.0,71.0,False,False,False,60.355,4.0,5123.153
9550,1239,3,9.0,71.0,False,False,False,61.169,2.0,5123.967
9550,1239,10,10.0,71.0,False,False,False,61.766,1.0,5124.564
9550,1239,16,11.0,71.0,False,False,False,67.056,0.0,5129.854
9550,1239,31,12.0,71.0,False,False,False,68.325,0.0,5131.123
9550,1239,18,13.0,70.0,False,False,False,+1 LAP,0.0,
9550,1239,22,14.0,70.0,False,False,False,+1 LAP,0.0,
9550,1239,23,15.0,70.0,False,False,False,+1 LAP,0.0,
9550,1239,77,16.0,70.0,False,False,False,+1 LAP,0.0,
9550,1239,24,17.0,70.0,False,False,False,+1 LAP,0.0,
9550,1239,14,18.0,70.0,False,False,False,+1 LAP,0.0,
9550,1239,2,19.0,69.0,False,False,False,+2 LAPS,0.0,
9550,1239,4,20.0,64.0,False,False,False,+7 LAPS,0.0,
9558,1240,44,1.0,52.0,False,False,False,0,25.0,4947.059
9558,1240,1,2.0,52.0,False,False,False,1.465,18.0,4948.524
9558,1240,4,3.0,52.0,False,False,False,7.547,15.0,4954.606
9558,1240,81,4.0,52.0,False,False,False,12.429,12.0,4959.488
9558,1240,55,5.0,52.0,False,False,False,47.318,11.0,4994.377
9558,1240,27,6.0,52.0,False,False,False,55.722,8.0,5002.781
9558,1240,18,7.0,52.0,False,False,False,56.569,6.0,5003.628
9558,1240,14,8.0,52.0,False,False,False,63.577,4.0,5010.636
9558,1240,23,9.0,52.0,False,False,False,68.387,2.0,5015.446
9558,1240,22,10.0,52.0,False,False,False,79.303,1.0,5026.362
9558,1240,2,11.0,52.0,False,False,False,88.96,0.0,5036.019
9558,1240,20,12.0,52.0,False,False,False,90.153,0.0,5037.212
9558,1240,3,13.0,51.0,False,False,False,+1 LAP,0.0,
9558,1240,16,14.0,51.0,False,False,False,+1 LAP,0.0,
9558,1240,77,15.0,51.0,False,False,False,+1 LAP,0.0,
9558,1240,31,16.0,50.0,False,False,False,+2 LAPS,0.0,
9558,1240,11,17.0,50.0,False,False,False,+2 LAPS,0.0,
9558,1240,24,18.0,50.0,False,False,False,+2 LAPS,0.0,
9558,1240,63,,33.0,True,False,False,,0.0,
9558,1240,10,,0.0,False,True,False,,0.0,
9566,1241,81,1.0,70.0,False,False,False,0,25.0,5881.989
9566,1241,4,2.0,70.0,False,False,False,2.141,18.0,5884.13
9566,1241,44,3.0,70.0,False,False,False,14.88,15.0,5896.869
9566,1241,16,4.0,70.0,False,False,False,19.686,12.0,5901.675
9566,1241,1,5.0,70.0,False,False,False,21.349,10.0,5903.338
9566,1241,55,6.0,70.0,False,False,False,23.073,8.0,5905.062
9566,1241,11,7.0,70.0,False,False,False,39.792,6.0,5921.781
9566,1241,63,8.0,70.0,False,False,False,42.368,5.0,5924.357
9566,1241,22,9.0,70.0,False,False,False,77.259,2.0,5959.248
9566,1241,18,10.0,70.0,False,False,False,77.976,1.0,5959.965
9566,1241,14,11.0,70.0,False,False,False,82.46,0.0,5964.449
9566,1241,3,12.0,69.0,False,False,False,+1 LAP,0.0,
9566,1241,27,13.0,69.0,False,False,False,+1 LAP,0.0,
9566,1241,23,14.0,69.0,False,False,False,+1 LAP,0.0,
9566,1241,20,15.0,69.0,False,False,False,+1 LAP,0.0,
9566,1241,77,16.0,69.0,False,False,False,+1 LAP,0.0,
9566,1241,2,17.0,69.0,False,False,False,+1 LAP,0.0,
9566,1241,31,18.0,69.0,False,False,False,+1 LAP,0.0,
9566,1241,24,19.0,69.0,False,False,False,+1 LAP,0.0,
9566,1241,10,,33.0,True,False,False,,0.0,
9574,1242,44,1.0,44.0,False,False,False,0.0,25.0,4797.566
9574,1242,81,2.0,44.0,False,False,False,0.647,18.0,4798.213
9574,1242,16,3.0,44.0,False,False,False,8.023,15.0,4805.589
9574,1242,1,4.0,44.0,False,False,False,8.7,12.0,4806.266
9574,1242,4,5.0,44.0,False,False,False,9.324,10.0,4806.89
9574,1242,55,6.0,44.0,False,False,False,19.269,8.0,4816.835
9574,1242,11,7.0,44.0,False,False,False,42.669,7.0,4840.235
9574,1242,14,8.0,44.0,False,False,False,49.437,4.0,4847.003
9574,1242,31,9.0,44.0,False,False,False,52.026,2.0,4849.592
9574,1242,3,10.0,44.0,False,False,False,54.4,1.0,4851.966
9574,1242,18,11.0,44.0,False,False,False,62.485,0.0,4860.051
9574,1242,23,12.0,44.0,False,False,False,63.125,0.0,4860.691
9574,1242,10,13.0,44.0,False,False,False,63.839,0.0,4861.405
9574,1242,20,14.0,44.0,False,False,False,66.105,0.0,4863.671
9574,1242,77,15.0,44.0,False,False,False,70.112,0.0,4867.678
9574,1242,22,16.0,44.0,False,False,False,76.211,0.0,4873.777
9574,1242,2,17.0,44.0,False,False,False,85.531,0.0,4883.097
9574,1242,27,18.0,44.0,False,False,False,88.307,0.0,4885.873
9574,1242,24,,5.0,True,False,False,,0.0,
9574,1242,63,,44.0,False,False,True,,0.0,4797.04
9582,1243,4,1.0,72.0,False,False,False,0,26.0,5445.519
9582,1243,1,2.0,72.0,False,False,False,22.896,18.0,5468.415
9582,1243,16,3.0,72.0,False,False,False,25.439,15.0,5470.958
9582,1243,81,4.0,72.0,False,False,False,27.337,12.0,5472.856
9582,1243,55,5.0,72.0,False,False,False,32.137,10.0,5477.656
9582,1243,11,6.0,72.0,False,False,False,39.542,8.0,5485.061
9582,1243,63,7.0,72.0,False,False,False,44.617,6.0,5490.136
9582,1243,44,8.0,72.0,False,False,False,49.599,4.0,5495.118
9582,1243,10,9.0,71.0,False,False,False,+1 LAP,2.0,
9582,1243,14,10.0,71.0,False,False,False,+1 LAP,1.0,
9582,1243,27,11.0,71.0,False,False,False,+1 LAP,0.0,
9582,1243,3,12.0,71.0,False,False,False,+1 LAP,0.0,
9582,1243,18,13.0,71.0,False,False,False,+1 LAP,0.0,
9582,1243,23,14.0,71.0,False,False,False,+1 LAP,0.0,
9582,1243,31,15.0,71.0,False,False,False,+1 LAP,0.0,
9582,1243,2,16.0,71.0,False,False,False,+1 LAP,0.0,
9582,1243,22,17.0,71.0,False,False,False,+1 LAP,0.0,
9582,1243,20,18.0,71.0,False,False,False,+1 LAP,0.0,
9582,1243,77,19.0,70.0,False,False,False,+2 LAPS,0.0,
9582,1243,24,20.0,70.0,False,False,False,+2 LAPS,0.0,
9590,1244,16,1.0,53.0,False,False,False,0,25.0,4480.727
9590,1244,81,2.0,53.0,False,False,False,2.664,18.0,4483.391
9590,1244,4,3.0,53.0,False,False,False,6.153,16.0,4486.88
9590,1244,55,4.0,53.0,False,False,False,15.621,12.0,4496.348
9590,1244,44,5.0,53.0,False,False,False,22.82,10.0,4503.547
9590,1244,1,6.0,53.0,False,False,False,37.932,8.0,4518.659
9590,1244,63,7.0,53.0,False,False,False,39.715,6.0,4520.442
9590,1244,11,8.0,53.0,False,False,False,54.148,4.0,4534.875
9590,1244,23,9.0,53.0,False,False,False,67.456,2.0,4548.183
9590,1244,20,10.0,53.0,False,False,False,68.302,1.0,4549.029
9590,1244,14,11.0,53.0,False,False,False,68.495,0.0,4549.222
9590,1244,43,12.0,53.0,False,False,False,81.308,0.0,4562.035
9590,1244,3,13.0,53.0,False,False,False,93.452,0.0,4574.179
9590,1244,31,14.0,52.0,False,False,False,+1 LAP,0.0,
9590,1244,10,15.0,52.0,False,False,False,+1 LAP,0.0,
9590,1244,77,16.0,52.0,False,False,False,+1 LAP,0.0,
9590,1244,27,17.0,52.0,False,False,False,+1 LAP,0.0,
9590,1244,24,18.0,52.0,False,False,False,+1 LAP,0.0,
9590,1244,18,19.0,52.0,False,False,False,+1 LAP,0.0,
9590,1244,22,,7.0,True,False,False,,0.0,
9598,1245,81,1.0,51.0,False,False,False,0,25.0,5578.007
9598,1245,16,2.0,51.0,False,False,False,10.91,18.0,5588.917
9598,1245,63,3.0,51.0,False,False,False,31.328,15.0,5609.335
9598,1245,4,4.0,51.0,False,False,False,36.143,13.0,5614.15
9598,1245,1,5.0,51.0,False,False,False,77.098,10.0,5655.105
9598,1245,14,6.0,51.0,False,False,False,85.468,8.0,5663.475
9598,1245,23,7.0,51.0,False,False,False,87.396,6.0,5665.403
9598,1245,43,8.0,51.0,False,False,False,89.541,4.0,5667.548
9598,1245,44,9.0,51.0,False,False,False,92.401,2.0,5670.408
9598,1245,50,10.0,51.0,False,False,False,93.127,1.0,5671.134
9598,1245,27,11.0,51.0,False,False,False,93.465,0.0,5671.472
9598,1245,10,12.0,51.0,False,False,False,117.189,0.0,5695.196
9598,1245,3,13.0,51.0,False,False,False,146.907,0.0,5724.914
9598,1245,24,14.0,51.0,False,False,False,148.841,0.0,5726.848
9598,1245,31,15.0,50.0,False,False,False,+1 LAP,0.0,
9598,1245,77,16.0,50.0,False,False,False,+1 LAP,0.0,
9598,1245,11,17.0,49.0,True,False,False,,0.0,
9598,1245,55,18.0,49.0,True,False,False,,0.0,
9598,1245,18,19.0,45.0,True,False,False,,0.0,
9598,1245,22,,14.0,True,False,False,,0.0,
9606,1246,4,1.0,62.0,False,False,False,0,25.0,6052.571
9606,1246,1,2.0,62.0,False,False,False,20.945,18.0,6073.516
9606,1246,81,3.0,62.0,False,False,False,41.823,15.0,6094.394
9606,1246,63,4.0,62.0,False,False,False,61.04,12.0,6113.611
9606,1246,16,5.0,62.0,False,False,False,62.43,10.0,6115.001
9606,1246,44,6.0,62.0,False,False,False,85.248,8.0,6137.819
9606,1246,55,7.0,62.0,False,False,False,96.039,6.0,6148.61
9606,1246,14,8.0,61.0,False,False,False,+1 LAP,4.0,
9606,1246,27,9.0,61.0,False,False,False,+1 LAP,2.0,
9606,1246,11,10.0,61.0,False,False,False,+1 LAP,1.0,
9606,1246,43,11.0,61.0,False,False,False,+1 LAP,0.0,
9606,1246,22,12.0,61.0,False,False,False,+1 LAP,0.0,
9606,1246,31,13.0,61.0,False,False,False,+1 LAP,0.0,
9606,1246,18,14.0,61.0,False,False,False,+1 LAP,0.0,
9606,1246,24,15.0,61.0,False,False,False,+1 LAP,0.0,
9606,1246,77,16.0,61.0,False,False,False,+1 LAP,0.0,
9606,1246,10,17.0,61.0,False,False,False,+1 LAP,0.0,
9606,1246,3,18.0,61.0,False,False,False,+1 LAP,0.0,
9606,1246,20,19.0,57.0,True,False,False,,0.0,
9606,1246,23,,15.0,True,False,False,,0.0,
9617,1247,16,1.0,56.0,False,False,False,0,25.0,5709.639
9617,1247,55,2.0,56.0,False,False,False,8.562,18.0,5718.201
9617,1247,1,3.0,56.0,False,False,False,19.412,15.0,5729.051
9617,1247,4,4.0,56.0,False,False,False,20.354,12.0,5729.993
9617,1247,81,5.0,56.0,False,False,False,21.921,10.0,5731.56
9617,1247,63,6.0,56.0,False,False,False,56.295,8.0,5765.934
9617,1247,11,7.0,56.0,False,False,False,59.072,6.0,5768.711
9617,1247,27,8.0,56.0,False,False,False,62.957,4.0,5772.596
9617,1247,30,9.0,56.0,False,False,False,70.563,2.0,5780.202
9617,1247,43,10.0,56.0,False,False,False,71.979,1.0,5781.618
9617,1247,20,11.0,56.0,False,False,False,79.782,0.0,5789.421
9617,1247,10,12.0,56.0,False,False,False,90.558,0.0,5800.197
9617,1247,14,13.0,55.0,False,False,False,+1 LAP,0.0,
9617,1247,22,14.0,55.0,False,False,False,+1 LAP,0.0,
9617,1247,18,15.0,55.0,False,False,False,+1 LAP,0.0,
9617,1247,23,16.0,55.0,False,False,False,+1 LAP,0.0,
9617,1247,77,17.0,55.0,False,False,False,+1 LAP,0.0,
9617,1247,31,18.0,55.0,False,False,False,+1 LAP,0.0,
9617,1247,24,19.0,55.0,False,False,False,+1 LAP,0.0,
9617,1247,44,,1.0,True,False,False,,0.0,
9625,1248,55,1.0,71.0,False,False,False,0,25.0,6055.8
9625,1248,4,2.0,71.0,False,False,False,4.705,18.0,6060.505
9625,1248,16,3.0,71.0,False,False,False,34.387,16.0,6090.187
9625,1248,44,4.0,71.0,False,False,False,44.78,12.0,6100.58
9625,1248,63,5.0,71.0,False,False,False,48.536,10.0,6104.336
9625,1248,1,6.0,71.0,False,False,False,59.558,8.0,6115.358
9625,1248,20,7.0,71.0,False,False,False,63.642,6.0,6119.442
9625,1248,81,8.0,71.0,False,False,False,64.928,4.0,6120.728
9625,1248,27,9.0,70.0,False,False,False,+1 LAP,2.0,
9625,1248,10,10.0,70.0,False,False,False,+1 LAP,1.0,
9625,1248,18,11.0,70.0,False,False,False,+1 LAP,0.0,
9625,1248,43,12.0,70.0,False,False,False,+1 LAP,0.0,
9625,1248,31,13.0,70.0,False,False,False,+1 LAP,0.0,
9625,1248,77,14.0,70.0,False,False,False,+1 LAP,0.0,
9625,1248,24,15.0,70.0,False,False,False,+1 LAP,0.0,
9625,1248,30,16.0,70.0,False,False,False,+1 LAP,0.0,
9625,1248,11,17.0,70.0,False,False,False,+1 LAP,0.0,
9625,1248,14,,15.0,True,False,False,,0.0,
9625,1248,23,,0.0,True,False,False,,0.0,
9625,1248,22,,0.0,True,False,False,,0.0,
9636,1249,1,1.0,69.0,False,False,False,0.0,26.0,7614.43
9636,1249,31,2.0,69.0,False,False,False,19.477,18.0,7633.907
9636,1249,10,3.0,69.0,False,False,False,22.532,15.0,7636.962
9636,1249,63,4.0,69.0,False,False,False,23.265,12.0,7637.695
9636,1249,16,5.0,69.0,False,False,False,30.177,10.0,7644.607
9636,1249,4,6.0,69.0,False,False,False,31.372,8.0,7645.802
9636,1249,22,7.0,69.0,False,False,False,42.056,6.0,7656.486
9636,1249,81,8.0,69.0,False,False,False,44.943,4.0,7659.373
9636,1249,30,9.0,69.0,False,False,False,50.452,2.0,7664.882
9636,1249,44,10.0,69.0,False,False,False,50.753,1.0,7665.183
9636,1249,11,11.0,69.0,False,False,False,51.531,0.0,7665.961
9636,1249,50,12.0,69.0,False,False,False,57.085,0.0,7671.515
9636,1249,77,13.0,69.0,False,False,False,63.588,0.0,7678.018
9636,1249,14,14.0,69.0,False,False,False,78.049,0.0,7692.479
9636,1249,24,15.0,69.0,False,False,False,79.649,0.0,7694.079
9636,1249,55,,38.0,True,False,False,,0.0,
9636,1249,43,,30.0,True,False,False,,0.0,
9636,1249,23,,0.0,False,True,False,,0.0,
9636,1249,18,,0.0,False,True,False,,0.0,
9636,1249,27,,,False,False,True,,0.0,
9644,1250,63,1.0,50.0,False,False,False,0,25.0,4925.969
9644,1250,44,2.0,50.0,False,False,False,7.313,18.0,4933.282
9644,1250,55,3.0,50.0,False,False,False,11.906,15.0,4937.875
9644,1250,16,4.0,50.0,False,False,False,14.283,12.0,4940.252
9644,1250,1,5.0,50.0,False,False,False,16.582,10.0,4942.551
9644,1250,4,6.0,50.0,False,False,False,43.385,9.0,4969.354
9644,1250,81,7.0,50.0,False,False,False,51.365,6.0,4977.334
9644,1250,27,8.0,50.0,False,False,False,59.808,4.0,4985.777
9644,1250,22,9.0,50.0,False,False,False,62.808,2.0,4988.777
9644,1250,11,10.0,50.0,False,False,False,63.114,1.0,4989.083
9644,1250,14,11.0,50.0,False,False,False,69.195,0.0,4995.164
9644,1250,20,12.0,50.0,False,False,False,69.803,0.0,4995.772
9644,1250,24,13.0,50.0,False,False,False,74.085,0.0,5000.054
9644,1250,43,14.0,50.0,False,False,False,75.172,0.0,5001.141
9644,1250,18,15.0,50.0,False,False,False,84.102,0.0,5010.071
9644,1250,30,16.0,50.0,False,False,False,91.005,0.0,5016.974
9644,1250,31,17.0,49.0,False,False,False,+1 LAP,0.0,
9644,1250,77,18.0,49.0,False,False,False,+1 LAP,0.0,
9644,1250,23,,25.0,True,False,False,,0.0,
9644,1250,10,,15.0,True,False,False,,0.0,
9655,1251,1,1.0,57.0,False,False,False,0,25.0,5465.323
9655,1251,16,2.0,57.0,False,False,False,6.031,18.0,5471.354
9655,1251,81,3.0,57.0,False,False,False,6.819,15.0,5472.142
9655,1251,63,4.0,57.0,False,False,False,14.104,12.0,5479.427
9655,1251,10,5.0,57.0,False,False,False,16.782,10.0,5482.105
9655,1251,55,6.0,57.0,False,False,False,17.476,8.0,5482.799
9655,1251,14,7.0,57.0,False,False,False,19.867,6.0,5485.19
9655,1251,24,8.0,57.0,False,False,False,25.36,4.0,5490.683
9655,1251,20,9.0,57.0,False,False,False,32.177,2.0,5497.5
9655,1251,4,10.0,57.0,False,False,False,35.762,2.0,5501.085
9655,1251,77,11.0,57.0,False,False,False,50.243,0.0,5515.566
9655,1251,44,12.0,57.0,False,False,False,56.122,0.0,5521.445
9655,1251,22,13.0,57.0,False,False,False,61.1,0.0,5526.423
9655,1251,30,14.0,57.0,False,False,False,62.656,0.0,5527.979
9655,1251,23,15.0,56.0,False,False,False,+1 LAP,0.0,
9655,1251,27,,39.0,True,False,False,,0.0,
9655,1251,11,,38.0,True,False,False,,0.0,
9655,1251,18,,8.0,True,False,False,,0.0,
9655,1251,43,,0.0,True,False,False,,0.0,
9655,1251,31,,0.0,True,False,False,,0.0,
9662,1252,4,1.0,58.0,False,False,False,0,25.0,5193.291
9662,1252,55,2.0,58.0,False,False,False,5.832,18.0,5199.123
9662,1252,16,3.0,58.0,False,False,False,31.928,15.0,5225.219
9662,1252,44,4.0,58.0,False,False,False,36.483,12.0,5229.774
9662,1252,63,5.0,58.0,False,False,False,37.538,10.0,5230.829
9662,1252,1,6.0,58.0,False,False,False,49.847,8.0,5243.138
9662,1252,10,7.0,58.0,False,False,False,72.56,6.0,5265.851
9662,1252,27,8.0,58.0,False,False,False,75.554,4.0,5268.845
9662,1252,14,9.0,58.0,False,False,False,82.373,2.0,5275.664
9662,1252,81,10.0,58.0,False,False,False,83.821,1.0,5277.112
9662,1252,23,11.0,57.0,False,False,False,+1 LAP,0.0,
9662,1252,22,12.0,57.0,False,False,False,+1 LAP,0.0,
9662,1252,24,13.0,57.0,False,False,False,+1 LAP,0.0,
9662,1252,18,14.0,57.0,False,False,False,+1 LAP,0.0,
9662,1252,61,15.0,57.0,False,False,False,+1 LAP,0.0,
9662,1252,20,16.0,57.0,False,False,False,+1 LAP,0.0,
9662,1252,30,17.0,55.0,True,False,False,,0.0,
9662,1252,77,,30.0,True,False,False,,0.0,
9662,1252,43,,26.0,True,False,False,,0.0,
9662,1252,11,,0.0,True,False,False,,0.0,
9693,1254,4,1.0,57.0,False,False,False,0.0,25.0,6126.304
9693,1254,1,2.0,57.0,False,False,False,0.895,18.0,6127.199
9693,1254,63,3.0,57.0,False,False,False,8.481,15.0,6134.785
9693,1254,12,4.0,57.0,False,False,False,10.135,12.0,6136.439
9693,1254,23,5.0,57.0,False,False,False,12.773,10.0,6139.077
9693,1254,18,6.0,57.0,False,False,False,17.413,8.0,6143.717
9693,1254,27,7.0,57.0,False,False,False,18.423,6.0,6144.727
9693,1254,16,8.0,57.0,False,False,False,19.826,4.0,6146.13
9693,1254,81,9.0,57.0,False,False,False,20.448,2.0,6146.752
9693,1254,44,10.0,57.0,False,False,False,22.473,1.0,6148.777
9693,1254,10,11.0,57.0,False,False,False,26.502,0.0,6152.806
9693,1254,22,12.0,57.0,False,False,False,29.884,0.0,6156.188
9693,1254,31,13.0,57.0,False,False,False,33.161,0.0,6159.465
9693,1254,87,14.0,57.0,False,False,False,40.351,0.0,6166.655
9693,1254,30,,46.0,True,False,False,,0.0,
9693,1254,5,,45.0,True,False,False,,0.0,
9693,1254,14,,32.0,True,False,False,,0.0,
9693,1254,55,,0.0,True,False,False,,0.0,
9693,1254,7,,0.0,True,False,False,,0.0,
9693,1254,6,,0.0,False,True,False,,0.0,
9998,1255,81,1.0,56.0,False,False,False,0,25.0,5455.026
9998,1255,4,2.0,56.0,False,False,False,9.748,18.0,5464.774
9998,1255,63,3.0,56.0,False,False,False,11.097,15.0,5466.123
9998,1255,1,4.0,56.0,False,False,False,16.656,12.0,5471.682
9998,1255,31,5.0,56.0,False,False,False,49.969,10.0,5504.995
9998,1255,12,6.0,56.0,False,False,False,53.748,8.0,5508.774
9998,1255,23,7.0,56.0,False,False,False,56.321,6.0,5511.347
9998,1255,87,8.0,56.0,False,False,False,61.303,4.0,5516.329
9998,1255,18,9.0,56.0,False,False,False,70.204,2.0,5525.23
9998,1255,55,10.0,56.0,False,False,False,76.387,1.0,5531.413
9998,1255,6,11.0,56.0,False,False,False,78.875,0.0,5533.901
9998,1255,30,12.0,56.0,False,False,False,81.147,0.0,5536.173
9998,1255,7,13.0,56.0,False,False,False,88.401,0.0,5543.427
9998,1255,5,14.0,55.0,False,False,False,+1 LAP,0.0,
9998,1255,27,15.0,55.0,False,False,False,+1 LAP,0.0,
9998,1255,22,16.0,55.0,False,False,False,+1 LAP,0.0,
9998,1255,14,,4.0,True,False,False,,0.0,
9998,1255,16,,,False,False,True,,0.0,
9998,1255,44,,,False,False,True,,0.0,
9998,1255,10,,,False,False,True,,0.0,
10006,1256,1,1.0,53.0,False,False,False,0,25.0,4926.983
10006,1256,4,2.0,53.0,False,False,False,1.423,18.0,4928.406
10006,1256,81,3.0,53.0,False,False,False,2.129,15.0,4929.112
10006,1256,16,4.0,53.0,False,False,False,16.097,12.0,4943.08
10006,1256,63,5.0,53.0,False,False,False,17.362,10.0,4944.345
10006,1256,12,6.0,53.0,False,False,False,18.671,8.0,4945.654
10006,1256,44,7.0,53.0,False,False,False,29.182,6.0,4956.165
10006,1256,6,8.0,53.0,False,False,False,37.134,4.0,4964.117
10006,1256,23,9.0,53.0,False,False,False,40.367,2.0,4967.35
10006,1256,87,10.0,53.0,False,False,False,54.529,1.0,4981.512
10006,1256,14,11.0,53.0,False,False,False,57.333,0.0,4984.316
10006,1256,22,12.0,53.0,False,False,False,58.401,0.0,4985.384
10006,1256,10,13.0,53.0,False,False,False,62.122,0.0,4989.105
10006,1256,55,14.0,53.0,False,False,False,74.129,0.0,5001.112
10006,1256,7,15.0,53.0,False,False,False,81.314,0.0,5008.297
10006,1256,27,16.0,53.0,False,False,False,81.957,0.0,5008.94
10006,1256,30,17.0,53.0,False,False,False,82.734,0.0,5009.717
10006,1256,31,18.0,53.0,False,False,False,83.438,0.0,5010.421
10006,1256,5,19.0,53.0,False,False,False,83.897,0.0,5010.88
10006,1256,18,20.0,52.0,False,False,False,+1 LAP,0.0,
10014,1257,81,1.0,57.0,False,False,False,0.0,25.0,5739.435
10014,1257,63,2.0,57.0,False,False,False,15.499,18.0,5754.934
10014,1257,4,3.0,57.0,False,False,False,16.273,15.0,5755.708
10014,1257,16,4.0,57.0,False,False,False,19.679,12.0,5759.114
10014,1257,44,5.0,57.0,False,False,False,27.993,10.0,5767.428
10014,1257,1,6.0,57.0,False,False,False,34.395,8.0,5773.83
10014,1257,10,7.0,57.0,False,False,False,36.002,6.0,5775.437
10014,1257,31,8.0,57.0,False,False,False,44.244,4.0,5783.679
10014,1257,22,9.0,57.0,False,False,False,45.061,2.0,5784.496
10014,1257,87,10.0,57.0,False,False,False,47.594,1.0,5787.029
10014,1257,12,11.0,57.0,False,False,False,48.016,0.0,5787.451
10014,1257,23,12.0,57.0,False,False,False,48.839,0.0,5788.274
10014,1257,6,13.0,57.0,False,False,False,56.314,0.0,5795.749
10014,1257,7,14.0,57.0,False,False,False,57.806,0.0,5797.241
10014,1257,14,15.0,57.0,False,False,False,60.34,0.0,5799.775
10014,1257,30,16.0,57.0,False,False,False,64.435,0.0,5803.87
10014,1257,18,17.0,57.0,False,False,False,65.489,0.0,5804.924
10014,1257,5,18.0,57.0,False,False,False,66.872,0.0,5806.307
10014,1257,55,,45.0,True,False,False,,0.0,
10014,1257,27,,,False,False,True,,0.0,
10022,1258,81,1.0,50.0,False,False,False,0,25.0,4866.758
10022,1258,1,2.0,50.0,False,False,False,2.843,18.0,4869.601
10022,1258,16,3.0,50.0,False,False,False,8.104,15.0,4874.862
10022,1258,4,4.0,50.0,False,False,False,9.196,12.0,4875.954
10022,1258,63,5.0,50.0,False,False,False,27.236,10.0,4893.994
10022,1258,12,6.0,50.0,False,False,False,34.688,8.0,4901.446
10022,1258,44,7.0,50.0,False,False,False,39.073,6.0,4905.831
10022,1258,55,8.0,50.0,False,False,False,64.63,4.0,4931.388
10022,1258,23,9.0,50.0,False,False,False,66.515,2.0,4933.273
10022,1258,6,10.0,50.0,False,False,False,67.091,1.0,4933.849
10022,1258,14,11.0,50.0,False,False,False,75.917,0.0,4942.675
10022,1258,30,12.0,50.0,False,False,False,78.451,0.0,4945.209
10022,1258,87,13.0,50.0,False,False,False,79.194,0.0,4945.952
10022,1258,31,14.0,50.0,False,False,False,99.723,0.0,4966.481
10022,1258,27,15.0,49.0,False,False,False,+1 LAP,0.0,
10022,1258,18,16.0,49.0,False,False,False,+1 LAP,0.0,
10022,1258,7,17.0,49.0,False,False,False,+1 LAP,0.0,
10022,1258,5,18.0,49.0,False,False,False,+1 LAP,0.0,
10022,1258,22,,1.0,True,False,False,,0.0,
10022,1258,10,,0.0,True,False,False,,0.0,
10033,1259,81,1.0,57.0,False,False,False,0,25.0,5331.587
10033,1259,4,2.0,57.0,False,False,False,4.63,18.0,5336.217
10033,1259,63,3.0,57.0,False,False,False,37.644,15.0,5369.231
10033,1259,1,4.0,57.0,False,False,False,39.956,12.0,5371.543
10033,1259,23,5.0,57.0,False,False,False,48.067,10.0,5379.654
10033,1259,12,6.0,57.0,False,False,False,55.502,8.0,5387.089
10033,1259,16,7.0,57.0,False,False,False,57.036,6.0,5388.623
10033,1259,44,8.0,57.0,False,False,False,60.186,4.0,5391.773
10033,1259,55,9.0,57.0,False,False,False,60.577,2.0,5392.164
10033,1259,22,10.0,57.0,False,False,False,74.434,1.0,5406.021
10033,1259,6,11.0,57.0,False,False,False,74.602,0.0,5406.189
10033,1259,31,12.0,57.0,False,False,False,82.006,0.0,5413.593
10033,1259,10,13.0,57.0,False,False,False,90.445,0.0,5422.032
10033,1259,27,14.0,56.0,False,False,False,+1 LAP,0.0,
10033,1259,14,15.0,56.0,False,False,False,+1 LAP,0.0,
10033,1259,18,16.0,56.0,False,False,False,+1 LAP,0.0,
10033,1259,30,,36.0,True,False,False,,0.0,
10033,1259,5,,30.0,True,False,False,,0.0,
10033,1259,87,,27.0,True,False,False,,0.0,
10033,1259,7,,0.0,True,False,False,,0.0,
9987,1260,1,1.0,63.0,False,False,False,0.0,25.0,5493.199
9987,1260,4,2.0,63.0,False,False,False,6.109,18.0,5499.308
9987,1260,81,3.0,63.0,False,False,False,12.956,15.0,5506.155
9987,1260,44,4.0,63.0,False,False,False,14.356,12.0,5507.555
9987,1260,23,5.0,63.0,False,False,False,17.945,10.0,5511.144
9987,1260,16,6.0,63.0,False,False,False,20.774,8.0,5513.973
9987,1260,63,7.0,63.0,False,False,False,22.034,6.0,5515.233
9987,1260,55,8.0,63.0,False,False,False,22.898,4.0,5516.097
9987,1260,6,9.0,63.0,False,False,False,23.586,2.0,5516.785
9987,1260,22,10.0,63.0,False,False,False,26.446,1.0,5519.645
9987,1260,14,11.0,63.0,False,False,False,27.25,0.0,5520.449
9987,1260,27,12.0,63.0,False,False,False,30.296,0.0,5523.495
9987,1260,10,13.0,63.0,False,False,False,31.424,0.0,5524.623
9987,1260,30,14.0,63.0,False,False,False,32.511,0.0,5525.71
9987,1260,18,15.0,63.0,False,False,False,32.993,0.0,5526.192
9987,1260,43,16.0,63.0,False,False,False,33.411,0.0,5526.61
9987,1260,87,17.0,63.0,False,False,False,33.808,0.0,5527.007
9987,1260,5,18.0,63.0,False,False,False,38.572,0.0,5531.771
9987,1260,12,,44.0,True,False,False,,0.0,
9987,1260,31,,27.0,True,False,False,,0.0,
9979,1261,4,1.0,78.0,False,False,False,0,25.0,6033.843
9979,1261,16,2.0,78.0,False,False,False,3.131,18.0,6036.974
9979,1261,81,3.0,78.0,False,False,False,3.658,15.0,6037.501
9979,1261,1,4.0,78.0,False,False,False,20.572,12.0,6054.415
9979,1261,44,5.0,78.0,False,False,False,51.387,10.0,6085.23
9979,1261,6,6.0,77.0,False,False,False,+1 LAP,8.0,
9979,1261,31,7.0,77.0,False,False,False,+1 LAP,6.0,
9979,1261,30,8.0,77.0,False,False,False,+1 LAP,4.0,
9979,1261,23,9.0,76.0,False,False,False,+2 LAPS,2.0,
9979,1261,55,10.0,76.0,False,False,False,+2 LAPS,1.0,
9979,1261,63,11.0,76.0,False,False,False,+2 LAPS,0.0,
9979,1261,87,12.0,76.0,False,False,False,+2 LAPS,0.0,
9979,1261,43,13.0,76.0,False,False,False,+2 LAPS,0.0,
9979,1261,5,14.0,76.0,False,False,False,+2 LAPS,0.0,
9979,1261,18,15.0,76.0,False,False,False,+2 LAPS,0.0,
9979,1261,27,16.0,76.0,False,False,False,+2 LAPS,0.0,
9979,1261,22,17.0,76.0,False,False,False,+2 LAPS,0.0,
9979,1261,12,18.0,75.0,False,False,False,+3 LAPS,0.0,
9979,1261,14,,36.0,True,False,False,,0.0,
9979,1261,10,,7.0,True,False,False,,0.0,
9971,1262,81,1.0,66.0,False,False,False,0.0,25.0,5577.375
9971,1262,4,2.0,66.0,False,False,False,2.471,18.0,5579.846
9971,1262,16,3.0,66.0,False,False,False,10.455,15.0,5587.83
9971,1262,63,4.0,66.0,False,False,False,11.359,12.0,5588.734
9971,1262,27,5.0,66.0,False,False,False,13.648,10.0,5591.023
9971,1262,44,6.0,66.0,False,False,False,15.508,8.0,5592.883
9971,1262,6,7.0,66.0,False,False,False,16.022,6.0,5593.397
9971,1262,10,8.0,66.0,False,False,False,17.882,4.0,5595.257
9971,1262,14,9.0,66.0,False,False,False,21.564,2.0,5598.939
9971,1262,1,10.0,66.0,False,False,False,21.826,1.0,5599.201
9971,1262,30,11.0,66.0,False,False,False,25.532,0.0,5602.907
9971,1262,5,12.0,66.0,False,False,False,25.996,0.0,5603.371
9971,1262,22,13.0,66.0,False,False,False,28.822,0.0,5606.197
9971,1262,55,14.0,66.0,False,False,False,29.309,0.0,5606.684
9971,1262,43,15.0,66.0,False,False,False,31.381,0.0,5608.756
9971,1262,31,16.0,66.0,False,False,False,32.197,0.0,5609.572
9971,1262,87,17.0,66.0,False,False,False,37.065,0.0,5614.44
9971,1262,12,,53.0,True,False,False,,0.0,
9971,1262,23,,27.0,True,False,False,,0.0,
9963,1263,63,1.0,70.0,False,False,False,0,25.0,5512.688
9963,1263,1,2.0,70.0,False,False,False,0.228,18.0,5512.916
9963,1263,12,3.0,70.0,False,False,False,1.014,15.0,5513.702
9963,1263,81,4.0,70.0,False,False,False,2.109,12.0,5514.797
9963,1263,16,5.0,70.0,False,False,False,3.442,10.0,5516.13
9963,1263,44,6.0,70.0,False,False,False,10.713,8.0,5523.401
9963,1263,14,7.0,70.0,False,False,False,10.972,6.0,5523.66
9963,1263,27,8.0,70.0,False,False,False,15.364,4.0,5528.052
9963,1263,31,9.0,69.0,False,False,False,+1 LAP,2.0,
9963,1263,55,10.0,69.0,False,False,False,+1 LAP,1.0,
9963,1263,87,11.0,69.0,False,False,False,+1 LAP,0.0,
9963,1263,22,12.0,69.0,False,False,False,+1 LAP,0.0,
9963,1263,43,13.0,69.0,False,False,False,+1 LAP,0.0,
9963,1263,5,14.0,69.0,False,False,False,+1 LAP,0.0,
9963,1263,10,15.0,69.0,False,False,False,+1 LAP,0.0,
9963,1263,6,16.0,69.0,False,False,False,+1 LAP,0.0,
9963,1263,18,17.0,69.0,False,False,False,+1 LAP,0.0,
9963,1263,4,18.0,66.0,True,False,False,,0.0,
9963,1263,30,,53.0,True,False,False,,0.0,
9963,1263,23,,46.0,True,False,False,,0.0,
9955,1264,4,1.0,70.0,False,False,False,0,25.0,5027.693
9955,1264,81,2.0,70.0,False,False,False,2.695,18.0,5030.388
9955,1264,16,3.0,70.0,False,False,False,19.82,15.0,5047.513
9955,1264,44,4.0,70.0,False,False,False,29.02,12.0,5056.713
9955,1264,63,5.0,70.0,False,False,False,62.396,10.0,5090.089
9955,1264,30,6.0,70.0,False,False,False,67.754,8.0,5095.447
9955,1264,14,7.0,69.0,False,False,False,+1 LAP,6.0,
9955,1264,5,8.0,69.0,False,False,False,+1 LAP,4.0,
9955,1264,27,9.0,69.0,False,False,False,+1 LAP,2.0,
9955,1264,31,10.0,69.0,False,False,False,+1 LAP,1.0,
9955,1264,87,11.0,69.0,False,False,False,+1 LAP,0.0,
9955,1264,6,12.0,69.0,False,False,False,+1 LAP,0.0,
9955,1264,10,13.0,69.0,False,False,False,+1 LAP,0.0,
9955,1264,18,14.0,69.0,False,False,False,+1 LAP,0.0,
9955,1264,43,15.0,69.0,False,False,False,+1 LAP,0.0,
9955,1264,22,16.0,68.0,False,False,False,+2 LAPS,0.0,
9955,1264,23,,15.0,True,False,False,,0.0,
9955,1264,1,,0.0,True,False,False,,0.0,
9955,1264,12,,0.0,True,False,False,,0.0,
9955,1264,55,,0.0,False,True,False,,0.0,
9947,1277,4,1.0,52.0,False,False,False,0,25.0,5835.735
9947,1277,81,2.0,52.0,False,False,False,6.812,18.0,5842.547
9947,1277,27,3.0,52.0,False,False,False,34.742,15.0,5870.477
9947,1277,44,4.0,52.0,False,False,False,39.812,12.0,5875.547
9947,1277,1,5.0,52.0,False,False,False,56.781,10.0,5892.516
9947,1277,10,6.0,52.0,False,False,False,59.857,8.0,5895.592
9947,1277,18,7.0,52.0,False,False,False,60.603,6.0,5896.338
9947,1277,23,8.0,52.0,False,False,False,64.135,4.0,5899.87
9947,1277,14,9.0,52.0,False,False,False,65.858,2.0,5901.593
9947,1277,63,10.0,52.0,False,False,False,70.674,1.0,5906.409
9947,1277,87,11.0,52.0,False,False,False,72.095,0.0,5907.83
9947,1277,55,12.0,52.0,False,False,False,76.592,0.0,5912.327
9947,1277,31,13.0,52.0,False,False,False,77.301,0.0,5913.036
9947,1277,16,14.0,52.0,False,False,False,84.477,0.0,5920.212
9947,1277,22,15.0,51.0,False,False,False,+1 LAP,0.0,
9947,1277,12,,23.0,True,False,False,,0.0,
9947,1277,6,,17.0,True,False,False,,0.0,
9947,1277,5,,3.0,True,False,False,,0.0,
9947,1277,30,,0.0,True,False,False,,0.0,
9947,1277,43,,0.0,False,True,False,,0.0,
9939,1265,81,1.0,44.0,False,False,False,0,25.0,5122.601
9939,1265,4,2.0,44.0,False,False,False,3.415,18.0,5126.016
9939,1265,16,3.0,44.0,False,False,False,20.185,15.0,5142.786
9939,1265,1,4.0,44.0,False,False,False,21.731,12.0,5144.332
9939,1265,63,5.0,44.0,False,False,False,34.863,10.0,5157.464
9939,1265,23,6.0,44.0,False,False,False,39.926,8.0,5162.527
9939,1265,44,7.0,44.0,False,False,False,40.679,6.0,5163.28
9939,1265,30,8.0,44.0,False,False,False,52.033,4.0,5174.634
9939,1265,5,9.0,44.0,False,False,False,56.434,2.0,5179.035
9939,1265,10,10.0,44.0,False,False,False,72.714,1.0,5195.315
9939,1265,87,11.0,44.0,False,False,False,73.145,0.0,5195.746
9939,1265,27,12.0,44.0,False,False,False,73.628,0.0,5196.229
9939,1265,22,13.0,44.0,False,False,False,75.395,0.0,5197.996
9939,1265,18,14.0,44.0,False,False,False,79.831,0.0,5202.432
9939,1265,31,15.0,44.0,False,False,False,86.063,0.0,5208.664
9939,1265,12,16.0,44.0,False,False,False,86.721,0.0,5209.322
9939,1265,14,17.0,44.0,False,False,False,87.924,0.0,5210.525
9939,1265,55,18.0,44.0,False,False,False,92.024,0.0,5214.625
9939,1265,43,19.0,44.0,False,False,False,95.25,0.0,5217.851
9939,1265,6,20.0,43.0,False,False,False,+1 LAP,0.0,
9928,1266,4,1.0,70.0,False,False,False,0,25.0,5721.231
9928,1266,81,2.0,70.0,False,False,False,0.698,18.0,5721.929
9928,1266,63,3.0,70.0,False,False,False,21.916,15.0,5743.147
9928,1266,16,4.0,70.0,False,False,False,42.56,12.0,5763.791
9928,1266,14,5.0,70.0,False,False,False,59.04,10.0,5780.271
9928,1266,5,6.0,70.0,False,False,False,66.169,8.0,5787.4
9928,1266,18,7.0,70.0,False,False,False,68.174,6.0,5789.405
9928,1266,30,8.0,70.0,False,False,False,69.451,4.0,5790.682
9928,1266,1,9.0,70.0,False,False,False,72.645,2.0,5793.876
9928,1266,12,10.0,69.0,False,False,False,+1 LAP,1.0,
9928,1266,6,11.0,69.0,False,False,False,+1 LAP,0.0,
9928,1266,44,12.0,69.0,False,False,False,+1 LAP,0.0,
9928,1266,27,13.0,69.0,False,False,False,+1 LAP,0.0,
9928,1266,55,14.0,69.0,False,False,False,+1 LAP,0.0,
9928,1266,23,15.0,69.0,False,False,False,+1 LAP,0.0,
9928,1266,31,16.0,69.0,False,False,False,+1 LAP,0.0,
9928,1266,22,17.0,69.0,False,False,False,+1 LAP,0.0,
9928,1266,43,18.0,69.0,False,False,False,+1 LAP,0.0,
9928,1266,10,19.0,69.0,False,False,False,+1 LAP,0.0,
9928,1266,87,,48.0,True,False,False,,0.0,
9920,1267,81,1.0,72.0,False,False,False,0.0,25.0,5909.849
9920,1267,1,2.0,72.0,False,False,False,1.271,18.0,5911.12
9920,1267,6,3.0,72.0,False,False,False,3.233,15.0,5913.082
9920,1267,63,4.0,72.0,False,False,False,5.654,12.0,5915.503
9920,1267,23,5.0,72.0,False,False,False,6.327,10.0,5916.176
9920,1267,87,6.0,72.0,False,False,False,9.044,8.0,5918.893
9920,1267,18,7.0,72.0,False,False,False,9.497,6.0,5919.346
9920,1267,14,8.0,72.0,False,False,False,11.709,4.0,5921.558
9920,1267,22,9.0,72.0,False,False,False,13.597,2.0,5923.446
9920,1267,31,10.0,72.0,False,False,False,14.063,1.0,5923.912
9920,1267,43,11.0,72.0,False,False,False,14.511,0.0,5924.36
9920,1267,30,12.0,72.0,False,False,False,17.063,0.0,5926.912
9920,1267,55,13.0,72.0,False,False,False,17.376,0.0,5927.225
9920,1267,27,14.0,72.0,False,False,False,19.725,0.0,5929.574
9920,1267,5,15.0,72.0,False,False,False,21.565,0.0,5931.414
9920,1267,12,16.0,72.0,False,False,False,22.029,0.0,5931.878
9920,1267,10,17.0,72.0,False,False,False,23.629,0.0,5933.478
9920,1267,4,18.0,64.0,True,False,False,,0.0,
9920,1267,16,,52.0,True,False,False,,0.0,
9920,1267,44,,22.0,True,False,False,,0.0,
9912,1268,1,1.0,53.0,False,False,False,0,25.0,4404.325
9912,1268,4,2.0,53.0,False,False,False,19.207,18.0,4423.532
9912,1268,81,3.0,53.0,False,False,False,21.351,15.0,4425.676
9912,1268,16,4.0,53.0,False,False,False,25.624,12.0,4429.949
9912,1268,63,5.0,53.0,False,False,False,32.881,10.0,4437.206
9912,1268,44,6.0,53.0,False,False,False,37.449,8.0,4441.774
9912,1268,23,7.0,53.0,False,False,False,50.537,6.0,4454.862
9912,1268,5,8.0,53.0,False,False,False,58.484,4.0,4462.809
9912,1268,12,9.0,53.0,False,False,False,59.762,2.0,4464.087
9912,1268,6,10.0,53.0,False,False,False,63.891,1.0,4468.216
9912,1268,55,11.0,53.0,False,False,False,64.469,0.0,4468.794
9912,1268,87,12.0,53.0,False,False,False,79.288,0.0,4483.613
9912,1268,22,13.0,53.0,False,False,False,80.701,0.0,4485.026
9912,1268,30,14.0,53.0,False,False,False,82.351,0.0,4486.676
9912,1268,31,15.0,52.0,False,False,False,+1 LAP,0.0,
9912,1268,10,16.0,52.0,False,False,False,+1 LAP,0.0,
9912,1268,43,17.0,52.0,False,False,False,+1 LAP,0.0,
9912,1268,18,18.0,52.0,False,False,False,+1 LAP,0.0,
9912,1268,14,,24.0,True,False,False,,0.0,
9912,1268,27,,0.0,False,True,False,,0.0,
9904,1269,1,1.0,51.0,False,False,False,0,25.0,5606.408
9904,1269,63,2.0,51.0,False,False,False,14.609,18.0,5621.017
9904,1269,55,3.0,51.0,False,False,False,19.199,15.0,5625.607
9904,1269,12,4.0,51.0,False,False,False,21.76,12.0,5628.168
9904,1269,30,5.0,51.0,False,False,False,33.29,10.0,5639.698
9904,1269,22,6.0,51.0,False,False,False,33.808,8.0,5640.216
9904,1269,4,7.0,51.0,False,False,False,34.227,6.0,5640.635
9904,1269,44,8.0,51.0,False,False,False,36.31,4.0,5642.718
9904,1269,16,9.0,51.0,False,False,False,36.774,2.0,5643.182
9904,1269,6,10.0,51.0,False,False,False,38.982,1.0,5645.39
9904,1269,5,11.0,51.0,False,False,False,67.606,0.0,5674.014
9904,1269,87,12.0,51.0,False,False,False,68.262,0.0,5674.67
9904,1269,23,13.0,51.0,False,False,False,72.87,0.0,5679.278
9904,1269,31,14.0,51.0,False,False,False,77.58,0.0,5683.988
9904,1269,14,15.0,51.0,False,False,False,78.707,0.0,5685.115
9904,1269,27,16.0,51.0,False,False,False,80.237,0.0,5686.645
9904,1269,18,17.0,51.0,False,False,False,96.392,0.0,5702.8
9904,1269,10,18.0,50.0,False,False,False,+1 LAP,0.0,
9904,1269,43,19.0,50.0,False,False,False,+1 LAP,0.0,
9904,1269,81,,0.0,True,False,False,,0.0,
9896,1270,63,1.0,62.0,False,False,False,0,25.0,6022.367
9896,1270,1,2.0,62.0,False,False,False,5.43,18.0,6027.797
9896,1270,4,3.0,62.0,False,False,False,6.066,15.0,6028.433
9896,1270,81,4.0,62.0,False,False,False,8.146,12.0,6030.513
9896,1270,12,5.0,62.0,False,False,False,33.681,10.0,6056.048
9896,1270,16,6.0,62.0,False,False,False,45.996,8.0,6068.363
9896,1270,14,7.0,62.0,False,False,False,80.667,6.0,6103.034
9896,1270,44,8.0,62.0,False,False,False,85.251,4.0,6107.618
9896,1270,87,9.0,62.0,False,False,False,93.527,2.0,6115.894
9896,1270,55,10.0,61.0,False,False,False,+1 LAP,1.0,
9896,1270,6,11.0,61.0,False,False,False,+1 LAP,0.0,
9896,1270,22,12.0,61.0,False,False,False,+1 LAP,0.0,
9896,1270,18,13.0,61.0,False,False,False,+1 LAP,0.0,
9896,1270,23,14.0,61.0,False,False,False,+1 LAP,0.0,
9896,1270,30,15.0,61.0,False,False,False,+1 LAP,0.0,
9896,1270,43,16.0,61.0,False,False,False,+1 LAP,0.0,
9896,1270,5,17.0,61.0,False,False,False,+1 LAP,0.0,
9896,1270,31,18.0,61.0,False,False,False,+1 LAP,0.0,
9896,1270,10,19.0,61.0,False,False,False,+1 LAP,0.0,
9896,1270,27,20.0,61.0,False,False,False,+1 LAP,0.0,
9888,1271,1,1.0,56.0,False,False,False,0,25.0,5640.161
9888,1271,4,2.0,56.0,False,False,False,7.959,18.0,5648.12
9888,1271,16,3.0,56.0,False,False,False,15.373,15.0,5655.534
9888,1271,44,4.0,56.0,False,False,False,28.536,12.0,5668.697
9888,1271,81,5.0,56.0,False,False,False,29.678,10.0,5669.839
9888,1271,63,6.0,56.0,False,False,False,33.456,8.0,5673.617
9888,1271,22,7.0,56.0,False,False,False,52.714,6.0,5692.875
9888,1271,27,8.0,56.0,False,False,False,57.249,4.0,5697.41
9888,1271,87,9.0,56.0,False,False,False,64.722,2.0,5704.883
9888,1271,14,10.0,56.0,False,False,False,70.001,1.0,5710.162
9888,1271,30,11.0,56.0,False,False,False,73.209,0.0,5713.37
9888,1271,18,12.0,56.0,False,False,False,74.778,0.0,5714.939
9888,1271,12,13.0,56.0,False,False,False,75.746,0.0,5715.907
9888,1271,23,14.0,56.0,False,False,False,80.0,0.0,5720.161
9888,1271,31,15.0,56.0,False,False,False,83.043,0.0,5723.204
9888,1271,6,16.0,56.0,False,False,False,92.807,0.0,5732.968
9888,1271,43,17.0,55.0,False,False,False,+1 LAP,0.0,
9888,1271,5,18.0,55.0,False,False,False,+1 LAP,0.0,
9888,1271,10,19.0,55.0,False,False,False,+1 LAP,0.0,
9888,1271,55,,5.0,True,False,False,,0.0,
9877,1272,4,1.0,71.0,False,False,False,0,25.0,5878.574
9877,1272,16,2.0,71.0,False,False,False,30.324,18.0,5908.898
9877,1272,1,3.0,71.0,False,False,False,31.049,15.0,5909.623
9877,1272,87,4.0,71.0,False,False,False,40.955,12.0,5919.529
9877,1272,81,5.0,71.0,False,False,False,42.065,10.0,5920.639
9877,1272,12,6.0,71.0,False,False,False,47.837,8.0,5926.411
9877,1272,63,7.0,71.0,False,False,False,50.287,6.0,5928.861
9877,1272,44,8.0,71.0,False,False,False,56.446,4.0,5935.02
9877,1272,31,9.0,71.0,False,False,False,75.464,2.0,5954.038
9877,1272,5,10.0,71.0,False,False,False,76.863,1.0,5955.437
9877,1272,22,11.0,71.0,False,False,False,79.048,0.0,5957.622
9877,1272,23,12.0,70.0,False,False,False,+1 LAP,0.0,
9877,1272,6,13.0,70.0,False,False,False,+1 LAP,0.0,
9877,1272,18,14.0,70.0,False,False,False,+1 LAP,0.0,
9877,1272,10,15.0,70.0,False,False,False,+1 LAP,0.0,
9877,1272,43,16.0,70.0,False,False,False,+1 LAP,0.0,
9877,1272,55,17.0,67.0,True,False,False,,0.0,
9877,1272,14,,34.0,True,False,False,,0.0,
9877,1272,27,,25.0,True,False,False,,0.0,
9877,1272,30,,5.0,True,False,False,,0.0,
9869,1273,4,1.0,71.0,False,False,False,0.0,25.0,5521.596
9869,1273,12,2.0,71.0,False,False,False,10.388,18.0,5531.984
9869,1273,1,3.0,71.0,False,False,False,10.75,15.0,5532.346
9869,1273,63,4.0,71.0,False,False,False,15.267,12.0,5536.863
9869,1273,81,5.0,71.0,False,False,False,15.749,10.0,5537.345
9869,1273,87,6.0,71.0,False,False,False,29.63,8.0,5551.226
9869,1273,30,7.0,71.0,False,False,False,52.642,6.0,5574.238
9869,1273,6,8.0,71.0,False,False,False,52.873,4.0,5574.469
9869,1273,27,9.0,71.0,False,False,False,53.324,2.0,5574.92
9869,1273,10,10.0,71.0,False,False,False,53.914,1.0,5575.51
9869,1273,23,11.0,71.0,False,False,False,54.184,0.0,5575.78
9869,1273,31,12.0,71.0,False,False,False,54.696,0.0,5576.292
9869,1273,55,13.0,71.0,False,False,False,55.42,0.0,5577.016
9869,1273,14,14.0,71.0,False,False,False,55.766,0.0,5577.362
9869,1273,43,15.0,71.0,False,False,False,57.777,0.0,5579.373
9869,1273,18,16.0,71.0,False,False,False,58.247,0.0,5579.843
9869,1273,22,17.0,71.0,False,False,False,69.176,0.0,5590.772
9869,1273,44,,37.0,True,False,False,,0.0,
9869,1273,16,,5.0,True,False,False,,0.0,
9869,1273,5,,0.0,True,False,False,,0.0,
9858,1274,1,1.0,50.0,False,False,False,0,25.0,4868.429
9858,1274,63,2.0,50.0,False,False,False,23.546,18.0,4891.975
9858,1274,12,3.0,50.0,False,False,False,30.488,15.0,4898.917
9858,1274,16,4.0,50.0,False,False,False,30.678,12.0,4899.107
9858,1274,55,5.0,50.0,False,False,False,34.924,10.0,4903.353
9858,1274,6,6.0,50.0,False,False,False,45.257,8.0,4913.686
9858,1274,27,7.0,50.0,False,False,False,51.134,6.0,4919.563
9858,1274,44,8.0,50.0,False,False,False,59.369,4.0,4927.798
9858,1274,31,9.0,50.0,False,False,False,60.635,2.0,4929.064
9858,1274,87,10.0,50.0,False,False,False,70.549,1.0,4938.978
9858,1274,14,11.0,50.0,False,False,False,85.308,0.0,4953.737
9858,1274,22,12.0,50.0,False,False,False,86.974,0.0,4955.403
9858,1274,10,13.0,50.0,False,False,False,91.702,0.0,4960.131
9858,1274,30,14.0,49.0,False,False,False,+1 LAP,0.0,
9858,1274,43,15.0,49.0,False,False,False,+1 LAP,0.0,
9858,1274,23,,35.0,True,False,False,,0.0,
9858,1274,5,,2.0,True,False,False,,0.0,
9858,1274,18,,0.0,True,False,False,,0.0,
9858,1274,4,,,False,False,True,,0.0,
9858,1274,81,,,False,False,True,,0.0,
9850,1275,1,1.0,57.0,False,False,False,0,25.0,5078.241
9850,1275,81,2.0,57.0,False,False,False,7.995,18.0,5086.236
9850,1275,55,3.0,57.0,False,False,False,22.665,15.0,5100.906
9850,1275,4,4.0,57.0,False,False,False,23.315,12.0,5101.556
9850,1275,12,5.0,57.0,False,False,False,28.317,10.0,5106.558
9850,1275,63,6.0,57.0,False,False,False,48.599,8.0,5126.84
9850,1275,14,7.0,57.0,False,False,False,54.045,6.0,5132.286
9850,1275,16,8.0,57.0,False,False,False,56.785,4.0,5135.026
9850,1275,30,9.0,57.0,False,False,False,60.073,2.0,5138.314
9850,1275,22,10.0,57.0,False,False,False,61.77,1.0,5140.011
9850,1275,23,11.0,57.0,False,False,False,66.931,0.0,5145.172
9850,1275,44,12.0,57.0,False,False,False,77.73,0.0,5155.971
9850,1275,5,13.0,57.0,False,False,False,84.812,0.0,5163.053
9850,1275,43,14.0,56.0,False,False,False,+1 LAP,0.0,
9850,1275,31,15.0,56.0,False,False,False,+1 LAP,0.0,
9850,1275,10,16.0,56.0,False,False,False,+1 LAP,0.0,
9850,1275,18,17.0,55.0,True,False,False,,0.0,
9850,1275,6,18.0,55.0,True,False,False,,0.0,
9850,1275,87,,41.0,True,False,False,,0.0,
9850,1275,27,,6.0,True,False,False,,0.0,
9839,1276,1,1.0,58.0,False,False,False,0,25.0,5167.469
9839,1276,81,2.0,58.0,False,False,False,12.594,18.0,5180.063
9839,1276,4,3.0,58.0,False,False,False,16.572,15.0,5184.041
9839,1276,16,4.0,58.0,False,False,False,23.279,12.0,5190.748
9839,1276,63,5.0,58.0,False,False,False,48.563,10.0,5216.032
9839,1276,14,6.0,58.0,False,False,False,67.562,8.0,5235.031
9839,1276,31,7.0,58.0,False,False,False,69.876,6.0,5237.345
9839,1276,44,8.0,58.0,False,False,False,72.67,4.0,5240.139
9839,1276,27,9.0,58.0,False,False,False,79.014,2.0,5246.483
9839,1276,18,10.0,58.0,False,False,False,79.523,1.0,5246.992
9839,1276,5,11.0,58.0,False,False,False,81.043,0.0,5248.512
9839,1276,87,12.0,58.0,False,False,False,81.166,0.0,5248.635
9839,1276,55,13.0,58.0,False,False,False,82.158,0.0,5249.627
9839,1276,22,14.0,58.0,False,False,False,83.794,0.0,5251.263
9839,1276,12,15.0,58.0,False,False,False,84.399,0.0,5251.868
9839,1276,23,16.0,58.0,False,False,False,90.327,0.0,5257.796
9839,1276,6,17.0,57.0,False,False,False,+1 LAP,0.0,
9839,1276,30,18.0,57.0,False,False,False,+1 LAP,0.0,
9839,1276,10,19.0,57.0,False,False,False,+1 LAP,0.0,
9839,1276,43,20.0,57.0,False,False,False,+1 LAP,0.0,
